2026-02-06T00:29:58.902Z [INFO] [Lingo.dev] 🔧 Initializing translator...
2026-02-06T00:29:58.986Z [DEBUG] [Lingo.dev] Starting translation server on port 60000
2026-02-06T00:30:00.480Z [INFO] [Lingo.dev] Translation server listening on http://127.0.0.1:60000
2026-02-06T00:30:01.281Z [INFO] [Lingo.dev] WebSocket server initialized
2026-02-06T00:30:01.282Z [DEBUG] [Lingo.dev] Reloaded metadata: 41 entries
2026-02-06T00:30:01.283Z [INFO] [Lingo.dev] Translating all 41 entries to af
2026-02-06T00:30:01.284Z [DEBUG] [Lingo.dev] Reloaded metadata: 41 entries
2026-02-06T00:30:01.285Z [INFO] [Lingo.dev] Translating all 41 entries to am
2026-02-06T00:30:01.287Z [DEBUG] [Lingo.dev] Reloaded metadata: 41 entries
2026-02-06T00:30:01.288Z [INFO] [Lingo.dev] Translating all 41 entries to ar
2026-02-06T00:30:01.292Z [DEBUG] [Lingo.dev] Reloaded metadata: 41 entries
2026-02-06T00:30:01.293Z [INFO] [Lingo.dev] Translating all 41 entries to be
2026-02-06T00:30:01.294Z [DEBUG] [Lingo.dev] Reloaded metadata: 41 entries
2026-02-06T00:30:01.295Z [INFO] [Lingo.dev] Translating all 41 entries to az
2026-02-06T00:30:01.296Z [DEBUG] [Lingo.dev] Reloaded metadata: 41 entries
2026-02-06T00:30:01.296Z [INFO] [Lingo.dev] Translating all 41 entries to bg
2026-02-06T00:30:01.297Z [DEBUG] [Lingo.dev] Reloaded metadata: 41 entries
2026-02-06T00:30:01.298Z [INFO] [Lingo.dev] Translating all 41 entries to bn
2026-02-06T00:30:01.299Z [DEBUG] [Lingo.dev] Reloaded metadata: 41 entries
2026-02-06T00:30:01.300Z [INFO] [Lingo.dev] Translating all 41 entries to ca
2026-02-06T00:30:01.300Z [DEBUG] [Lingo.dev] Reloaded metadata: 41 entries
2026-02-06T00:30:01.301Z [INFO] [Lingo.dev] Translating all 41 entries to cs
2026-02-06T00:30:01.302Z [DEBUG] [Lingo.dev] Reloaded metadata: 41 entries
2026-02-06T00:30:01.303Z [INFO] [Lingo.dev] Translating all 41 entries to cy
2026-02-06T00:30:01.303Z [DEBUG] [Lingo.dev] Reloaded metadata: 41 entries
2026-02-06T00:30:01.304Z [INFO] [Lingo.dev] Translating all 41 entries to da
2026-02-06T00:30:01.305Z [DEBUG] [Lingo.dev] Reloaded metadata: 41 entries
2026-02-06T00:30:01.309Z [INFO] [Lingo.dev] Translating all 41 entries to de
2026-02-06T00:30:01.312Z [DEBUG] [Lingo.dev] Reloaded metadata: 41 entries
2026-02-06T00:30:01.350Z [INFO] [Lingo.dev] Translating all 41 entries to el
2026-02-06T00:30:01.397Z [DEBUG] [Lingo.dev] Reloaded metadata: 41 entries
2026-02-06T00:30:01.435Z [INFO] [Lingo.dev] Translating all 41 entries to es
2026-02-06T00:30:01.459Z [DEBUG] [Lingo.dev] Reloaded metadata: 41 entries
2026-02-06T00:30:01.484Z [INFO] [Lingo.dev] Translating all 41 entries to et
2026-02-06T00:30:02.770Z [DEBUG] [Lingo.dev] Reloaded metadata: 41 entries
2026-02-06T00:30:02.784Z [INFO] [Lingo.dev] Translating all 41 entries to fa
2026-02-06T00:30:02.786Z [DEBUG] [Lingo.dev] Reloaded metadata: 41 entries
2026-02-06T00:30:02.787Z [INFO] [Lingo.dev] Translating all 41 entries to fi
2026-02-06T00:30:02.796Z [DEBUG] [Lingo.dev] Reloaded metadata: 41 entries
2026-02-06T00:30:02.798Z [INFO] [Lingo.dev] Translating all 41 entries to eu
2026-02-06T00:30:02.800Z [DEBUG] [Lingo.dev] Reloaded metadata: 41 entries
2026-02-06T00:30:02.802Z [INFO] [Lingo.dev] Translating all 41 entries to fil
2026-02-06T00:30:02.805Z [DEBUG] [Lingo.dev] Reloaded metadata: 41 entries
2026-02-06T00:30:02.814Z [INFO] [Lingo.dev] Translating all 41 entries to fr
2026-02-06T00:30:02.816Z [DEBUG] [Lingo.dev] Reloaded metadata: 41 entries
2026-02-06T00:30:02.818Z [INFO] [Lingo.dev] Translating all 41 entries to ga
2026-02-06T00:30:02.821Z [DEBUG] [Lingo.dev] Reloaded metadata: 41 entries
2026-02-06T00:30:02.830Z [INFO] [Lingo.dev] Translating all 41 entries to gu
2026-02-06T00:30:02.832Z [DEBUG] [Lingo.dev] Reloaded metadata: 41 entries
2026-02-06T00:30:02.833Z [INFO] [Lingo.dev] Translating all 41 entries to he
2026-02-06T00:30:02.834Z [DEBUG] [Lingo.dev] Reloaded metadata: 41 entries
2026-02-06T00:30:02.835Z [INFO] [Lingo.dev] Translating all 41 entries to hi
2026-02-06T00:30:02.837Z [DEBUG] [Lingo.dev] Reloaded metadata: 41 entries
2026-02-06T00:30:02.841Z [INFO] [Lingo.dev] Translating all 41 entries to hr
2026-02-06T00:30:02.843Z [DEBUG] [Lingo.dev] Reloaded metadata: 41 entries
2026-02-06T00:30:02.861Z [INFO] [Lingo.dev] Translating all 41 entries to hu
2026-02-06T00:30:02.864Z [DEBUG] [Lingo.dev] Reloaded metadata: 41 entries
2026-02-06T00:30:02.866Z [INFO] [Lingo.dev] Translating all 41 entries to hy
2026-02-06T00:30:02.867Z [DEBUG] [Lingo.dev] Reloaded metadata: 41 entries
2026-02-06T00:30:02.870Z [INFO] [Lingo.dev] Translating all 41 entries to id
2026-02-06T00:30:02.876Z [DEBUG] [Lingo.dev] Reloaded metadata: 41 entries
2026-02-06T00:30:02.879Z [INFO] [Lingo.dev] Translating all 41 entries to is
2026-02-06T00:30:02.881Z [DEBUG] [Lingo.dev] Reloaded metadata: 41 entries
2026-02-06T00:30:02.883Z [INFO] [Lingo.dev] Translating all 41 entries to it
2026-02-06T00:30:02.888Z [DEBUG] [Lingo.dev] Reloaded metadata: 41 entries
2026-02-06T00:30:02.898Z [INFO] [Lingo.dev] Translating all 41 entries to ja
2026-02-06T00:30:02.908Z [DEBUG] [Lingo.dev] Reloaded metadata: 41 entries
2026-02-06T00:30:02.910Z [INFO] [Lingo.dev] Translating all 41 entries to ka
2026-02-06T00:30:02.912Z [DEBUG] [Lingo.dev] Reloaded metadata: 41 entries
2026-02-06T00:30:02.913Z [INFO] [Lingo.dev] Translating all 41 entries to kk
2026-02-06T00:30:02.914Z [DEBUG] [Lingo.dev] Reloaded metadata: 41 entries
2026-02-06T00:30:02.915Z [INFO] [Lingo.dev] Translating all 41 entries to km
2026-02-06T00:30:02.929Z [DEBUG] [Lingo.dev] Reloaded metadata: 41 entries
2026-02-06T00:30:02.934Z [INFO] [Lingo.dev] Translating all 41 entries to lo
2026-02-06T00:30:02.943Z [DEBUG] [Lingo.dev] Reloaded metadata: 41 entries
2026-02-06T00:30:02.947Z [INFO] [Lingo.dev] Translating all 41 entries to ko
2026-02-06T00:30:02.948Z [DEBUG] [Lingo.dev] Reloaded metadata: 41 entries
2026-02-06T00:30:02.950Z [INFO] [Lingo.dev] Translating all 41 entries to lt
2026-02-06T00:30:02.952Z [DEBUG] [Lingo.dev] Reloaded metadata: 41 entries
2026-02-06T00:30:02.957Z [INFO] [Lingo.dev] Translating all 41 entries to kn
2026-02-06T00:30:02.968Z [DEBUG] [Lingo.dev] Reloaded metadata: 41 entries
2026-02-06T00:30:02.974Z [INFO] [Lingo.dev] Translating all 41 entries to mk
2026-02-06T00:30:02.976Z [DEBUG] [Lingo.dev] Reloaded metadata: 41 entries
2026-02-06T00:30:02.977Z [INFO] [Lingo.dev] Translating all 41 entries to ml
2026-02-06T00:30:02.980Z [DEBUG] [Lingo.dev] Reloaded metadata: 41 entries
2026-02-06T00:30:02.981Z [INFO] [Lingo.dev] Translating all 41 entries to mn
2026-02-06T00:30:02.982Z [DEBUG] [Lingo.dev] Reloaded metadata: 41 entries
2026-02-06T00:30:02.983Z [INFO] [Lingo.dev] Translating all 41 entries to ms
2026-02-06T00:30:02.985Z [DEBUG] [Lingo.dev] Reloaded metadata: 41 entries
2026-02-06T00:30:02.997Z [INFO] [Lingo.dev] Translating all 41 entries to mr
2026-02-06T00:30:03.001Z [DEBUG] [Lingo.dev] Reloaded metadata: 41 entries
2026-02-06T00:30:03.001Z [INFO] [Lingo.dev] Translating all 41 entries to mt
2026-02-06T00:30:03.003Z [DEBUG] [Lingo.dev] Reloaded metadata: 41 entries
2026-02-06T00:30:03.004Z [INFO] [Lingo.dev] Translating all 41 entries to lv
2026-02-06T00:30:03.008Z [DEBUG] [Lingo.dev] Reloaded metadata: 41 entries
2026-02-06T00:30:03.014Z [INFO] [Lingo.dev] Translating all 41 entries to my
2026-02-06T00:30:03.018Z [DEBUG] [Lingo.dev] Reloaded metadata: 41 entries
2026-02-06T00:30:03.020Z [INFO] [Lingo.dev] Translating all 41 entries to nb
2026-02-06T00:30:03.032Z [DEBUG] [Lingo.dev] Reloaded metadata: 41 entries
2026-02-06T00:30:03.043Z [INFO] [Lingo.dev] Translating all 41 entries to ne
2026-02-06T00:30:03.045Z [DEBUG] [Lingo.dev] Reloaded metadata: 41 entries
2026-02-06T00:30:03.046Z [INFO] [Lingo.dev] Translating all 41 entries to nl
2026-02-06T00:30:03.047Z [DEBUG] [Lingo.dev] Reloaded metadata: 41 entries
2026-02-06T00:30:03.050Z [INFO] [Lingo.dev] Translating all 41 entries to no
2026-02-06T00:30:03.051Z [DEBUG] [Lingo.dev] Reloaded metadata: 41 entries
2026-02-06T00:30:03.052Z [INFO] [Lingo.dev] Translating all 41 entries to pa
2026-02-06T00:30:03.066Z [DEBUG] [Lingo.dev] Reloaded metadata: 41 entries
2026-02-06T00:30:03.075Z [INFO] [Lingo.dev] Translating all 41 entries to pl
2026-02-06T00:30:03.077Z [DEBUG] [Lingo.dev] Reloaded metadata: 41 entries
2026-02-06T00:30:03.081Z [INFO] [Lingo.dev] Translating all 41 entries to pt
2026-02-06T00:30:03.083Z [DEBUG] [Lingo.dev] Reloaded metadata: 41 entries
2026-02-06T00:30:03.084Z [INFO] [Lingo.dev] Translating all 41 entries to ro
2026-02-06T00:30:03.086Z [DEBUG] [Lingo.dev] Reloaded metadata: 41 entries
2026-02-06T00:30:03.092Z [INFO] [Lingo.dev] Translating all 41 entries to ru
2026-02-06T00:30:03.096Z [DEBUG] [Lingo.dev] Reloaded metadata: 41 entries
2026-02-06T00:30:03.112Z [INFO] [Lingo.dev] Translating all 41 entries to rw
2026-02-06T00:30:03.121Z [DEBUG] [Lingo.dev] Reloaded metadata: 41 entries
2026-02-06T00:30:03.134Z [INFO] [Lingo.dev] Translating all 41 entries to si
2026-02-06T00:30:03.136Z [DEBUG] [Lingo.dev] Reloaded metadata: 41 entries
2026-02-06T00:30:03.138Z [INFO] [Lingo.dev] Translating all 41 entries to sk
2026-02-06T00:30:03.144Z [DEBUG] [Lingo.dev] Reloaded metadata: 41 entries
2026-02-06T00:30:03.146Z [INFO] [Lingo.dev] Translating all 41 entries to sl
2026-02-06T00:30:03.147Z [DEBUG] [Lingo.dev] Reloaded metadata: 41 entries
2026-02-06T00:30:03.150Z [INFO] [Lingo.dev] Translating all 41 entries to sq
2026-02-06T00:30:03.151Z [DEBUG] [Lingo.dev] Reloaded metadata: 41 entries
2026-02-06T00:30:03.152Z [INFO] [Lingo.dev] Translating all 41 entries to sr
2026-02-06T00:30:03.154Z [DEBUG] [Lingo.dev] Reloaded metadata: 41 entries
2026-02-06T00:30:03.158Z [INFO] [Lingo.dev] Translating all 41 entries to sv
2026-02-06T00:30:03.162Z [DEBUG] [Lingo.dev] Reloaded metadata: 41 entries
2026-02-06T00:30:03.176Z [INFO] [Lingo.dev] Translating all 41 entries to sw
2026-02-06T00:30:03.178Z [DEBUG] [Lingo.dev] Reloaded metadata: 41 entries
2026-02-06T00:30:03.181Z [INFO] [Lingo.dev] Translating all 41 entries to ta
2026-02-06T00:30:03.182Z [DEBUG] [Lingo.dev] Reloaded metadata: 41 entries
2026-02-06T00:30:03.185Z [INFO] [Lingo.dev] Translating all 41 entries to te
2026-02-06T00:30:03.186Z [DEBUG] [Lingo.dev] Reloaded metadata: 41 entries
2026-02-06T00:30:03.187Z [INFO] [Lingo.dev] Translating all 41 entries to th
2026-02-06T00:30:03.192Z [DEBUG] [Lingo.dev] Reloaded metadata: 41 entries
2026-02-06T00:30:03.209Z [INFO] [Lingo.dev] Translating all 41 entries to ti
2026-02-06T00:30:03.217Z [DEBUG] [Lingo.dev] Reloaded metadata: 41 entries
2026-02-06T00:30:03.226Z [INFO] [Lingo.dev] Translating all 41 entries to tr
2026-02-06T00:30:03.237Z [DEBUG] [Lingo.dev] Reloaded metadata: 41 entries
2026-02-06T00:30:03.253Z [INFO] [Lingo.dev] Translating all 41 entries to uk
2026-02-06T00:30:03.265Z [DEBUG] [Lingo.dev] Reloaded metadata: 41 entries
2026-02-06T00:30:03.277Z [INFO] [Lingo.dev] Translating all 41 entries to ur
2026-02-06T00:30:03.279Z [DEBUG] [Lingo.dev] Reloaded metadata: 41 entries
2026-02-06T00:30:03.280Z [INFO] [Lingo.dev] Translating all 41 entries to uz
2026-02-06T00:30:03.285Z [DEBUG] [Lingo.dev] Reloaded metadata: 41 entries
2026-02-06T00:30:03.293Z [INFO] [Lingo.dev] Translating all 41 entries to vi
2026-02-06T00:30:03.303Z [DEBUG] [Lingo.dev] Reloaded metadata: 41 entries
2026-02-06T00:30:03.317Z [INFO] [Lingo.dev] Translating all 41 entries to zh
2026-02-06T00:30:03.328Z [DEBUG] [Lingo.dev] Reloaded metadata: 41 entries
2026-02-06T00:30:03.341Z [INFO] [Lingo.dev] Translating all 41 entries to zu
2026-02-06T00:30:03.351Z [DEBUG] [Lingo.dev] Reloaded metadata: 41 entries
2026-02-06T00:30:03.352Z [INFO] [Lingo.dev] Translating all 41 entries to gl
2026-02-06T01:25:46.895Z [INFO] [Lingo.dev] 🔧 Initializing translator...
2026-02-06T01:25:47.089Z [DEBUG] [Lingo.dev] Starting translation server on port 60000
2026-02-06T01:25:47.167Z [INFO] [Lingo.dev] Translation server listening on http://127.0.0.1:60000
2026-02-06T01:25:47.288Z [INFO] [Lingo.dev] WebSocket server initialized
2026-02-06T01:25:47.300Z [DEBUG] [Lingo.dev] Reloaded metadata: 41 entries
2026-02-06T01:25:47.301Z [INFO] [Lingo.dev] Translating all 41 entries to af
2026-02-06T01:25:47.302Z [DEBUG] [Lingo.dev] Reloaded metadata: 41 entries
2026-02-06T01:25:47.304Z [INFO] [Lingo.dev] Translating all 41 entries to am
2026-02-06T01:25:47.305Z [DEBUG] [Lingo.dev] Reloaded metadata: 41 entries
2026-02-06T01:25:47.306Z [INFO] [Lingo.dev] Translating all 41 entries to ar
2026-02-06T01:25:47.307Z [DEBUG] [Lingo.dev] Reloaded metadata: 41 entries
2026-02-06T01:25:47.308Z [INFO] [Lingo.dev] Translating all 41 entries to az
2026-02-06T01:25:47.309Z [DEBUG] [Lingo.dev] Reloaded metadata: 41 entries
2026-02-06T01:25:47.310Z [INFO] [Lingo.dev] Translating all 41 entries to be
2026-02-06T01:25:47.311Z [DEBUG] [Lingo.dev] Reloaded metadata: 41 entries
2026-02-06T01:25:47.312Z [INFO] [Lingo.dev] Translating all 41 entries to bn
2026-02-06T01:25:47.313Z [DEBUG] [Lingo.dev] Reloaded metadata: 41 entries
2026-02-06T01:25:47.314Z [INFO] [Lingo.dev] Translating all 41 entries to ca
2026-02-06T01:25:47.315Z [DEBUG] [Lingo.dev] Reloaded metadata: 41 entries
2026-02-06T01:25:47.316Z [INFO] [Lingo.dev] Translating all 41 entries to cs
2026-02-06T01:25:47.317Z [DEBUG] [Lingo.dev] Reloaded metadata: 41 entries
2026-02-06T01:25:47.318Z [INFO] [Lingo.dev] Translating all 41 entries to bg
2026-02-06T01:25:47.318Z [DEBUG] [Lingo.dev] Reloaded metadata: 41 entries
2026-02-06T01:25:47.319Z [INFO] [Lingo.dev] Translating all 41 entries to cy
2026-02-06T01:25:47.320Z [DEBUG] [Lingo.dev] Reloaded metadata: 41 entries
2026-02-06T01:25:47.321Z [INFO] [Lingo.dev] Translating all 41 entries to da
2026-02-06T01:25:47.322Z [DEBUG] [Lingo.dev] Reloaded metadata: 41 entries
2026-02-06T01:25:47.324Z [INFO] [Lingo.dev] Translating all 41 entries to de
2026-02-06T01:25:47.325Z [DEBUG] [Lingo.dev] Reloaded metadata: 41 entries
2026-02-06T01:25:47.326Z [INFO] [Lingo.dev] Translating all 41 entries to el
2026-02-06T01:25:47.327Z [DEBUG] [Lingo.dev] Reloaded metadata: 41 entries
2026-02-06T01:25:47.328Z [INFO] [Lingo.dev] Translating all 41 entries to es
2026-02-06T01:25:47.329Z [DEBUG] [Lingo.dev] Reloaded metadata: 41 entries
2026-02-06T01:25:47.330Z [INFO] [Lingo.dev] Translating all 41 entries to et
2026-02-06T01:25:47.331Z [DEBUG] [Lingo.dev] Reloaded metadata: 41 entries
2026-02-06T01:25:47.332Z [INFO] [Lingo.dev] Translating all 41 entries to eu
2026-02-06T01:25:47.333Z [DEBUG] [Lingo.dev] Reloaded metadata: 41 entries
2026-02-06T01:25:47.334Z [INFO] [Lingo.dev] Translating all 41 entries to fa
2026-02-06T01:25:47.335Z [DEBUG] [Lingo.dev] Reloaded metadata: 41 entries
2026-02-06T01:25:47.336Z [INFO] [Lingo.dev] Translating all 41 entries to fi
2026-02-06T01:25:47.337Z [DEBUG] [Lingo.dev] Reloaded metadata: 41 entries
2026-02-06T01:25:47.338Z [INFO] [Lingo.dev] Translating all 41 entries to fil
2026-02-06T01:25:47.339Z [DEBUG] [Lingo.dev] Reloaded metadata: 41 entries
2026-02-06T01:25:47.340Z [INFO] [Lingo.dev] Translating all 41 entries to fr
2026-02-06T01:25:47.341Z [DEBUG] [Lingo.dev] Reloaded metadata: 41 entries
2026-02-06T01:25:47.341Z [INFO] [Lingo.dev] Translating all 41 entries to ga
2026-02-06T01:25:47.342Z [DEBUG] [Lingo.dev] Reloaded metadata: 41 entries
2026-02-06T01:25:47.343Z [INFO] [Lingo.dev] Translating all 41 entries to gl
2026-02-06T01:25:47.344Z [DEBUG] [Lingo.dev] Reloaded metadata: 41 entries
2026-02-06T01:25:47.346Z [INFO] [Lingo.dev] Translating all 41 entries to gu
2026-02-06T01:25:47.347Z [DEBUG] [Lingo.dev] Reloaded metadata: 41 entries
2026-02-06T01:25:47.350Z [INFO] [Lingo.dev] Translating all 41 entries to he
2026-02-06T01:25:47.352Z [DEBUG] [Lingo.dev] Reloaded metadata: 41 entries
2026-02-06T01:25:47.354Z [INFO] [Lingo.dev] Translating all 41 entries to hr
2026-02-06T01:25:47.356Z [DEBUG] [Lingo.dev] Reloaded metadata: 41 entries
2026-02-06T01:25:47.357Z [INFO] [Lingo.dev] Translating all 41 entries to hi
2026-02-06T01:25:47.359Z [DEBUG] [Lingo.dev] Reloaded metadata: 41 entries
2026-02-06T01:25:47.360Z [INFO] [Lingo.dev] Translating all 41 entries to hu
2026-02-06T01:25:47.362Z [DEBUG] [Lingo.dev] Reloaded metadata: 41 entries
2026-02-06T01:25:47.364Z [INFO] [Lingo.dev] Translating all 41 entries to hy
2026-02-06T01:25:47.365Z [DEBUG] [Lingo.dev] Reloaded metadata: 41 entries
2026-02-06T01:25:47.366Z [INFO] [Lingo.dev] Translating all 41 entries to id
2026-02-06T01:25:47.367Z [DEBUG] [Lingo.dev] Reloaded metadata: 41 entries
2026-02-06T01:25:47.368Z [INFO] [Lingo.dev] Translating all 41 entries to is
2026-02-06T01:25:47.369Z [DEBUG] [Lingo.dev] Reloaded metadata: 41 entries
2026-02-06T01:25:47.374Z [INFO] [Lingo.dev] Translating all 41 entries to it
2026-02-06T01:25:47.376Z [DEBUG] [Lingo.dev] Reloaded metadata: 41 entries
2026-02-06T01:25:47.376Z [INFO] [Lingo.dev] Translating all 41 entries to ja
2026-02-06T01:25:47.377Z [DEBUG] [Lingo.dev] Reloaded metadata: 41 entries
2026-02-06T01:25:47.378Z [INFO] [Lingo.dev] Translating all 41 entries to ka
2026-02-06T01:25:47.383Z [DEBUG] [Lingo.dev] Reloaded metadata: 41 entries
2026-02-06T01:25:47.387Z [INFO] [Lingo.dev] Translating all 41 entries to kk
2026-02-06T01:25:47.391Z [DEBUG] [Lingo.dev] Reloaded metadata: 41 entries
2026-02-06T01:25:47.392Z [INFO] [Lingo.dev] Translating all 41 entries to km
2026-02-06T01:25:47.393Z [DEBUG] [Lingo.dev] Reloaded metadata: 41 entries
2026-02-06T01:25:47.394Z [INFO] [Lingo.dev] Translating all 41 entries to kn
2026-02-06T01:25:47.396Z [DEBUG] [Lingo.dev] Reloaded metadata: 41 entries
2026-02-06T01:25:47.397Z [INFO] [Lingo.dev] Translating all 41 entries to ko
2026-02-06T01:25:47.398Z [DEBUG] [Lingo.dev] Reloaded metadata: 41 entries
2026-02-06T01:25:47.400Z [INFO] [Lingo.dev] Translating all 41 entries to lo
2026-02-06T01:25:47.401Z [DEBUG] [Lingo.dev] Reloaded metadata: 41 entries
2026-02-06T01:25:47.402Z [INFO] [Lingo.dev] Translating all 41 entries to lt
2026-02-06T01:25:47.402Z [DEBUG] [Lingo.dev] Reloaded metadata: 41 entries
2026-02-06T01:25:47.403Z [INFO] [Lingo.dev] Translating all 41 entries to lv
2026-02-06T01:25:47.405Z [DEBUG] [Lingo.dev] Reloaded metadata: 41 entries
2026-02-06T01:25:47.406Z [INFO] [Lingo.dev] Translating all 41 entries to mk
2026-02-06T01:25:47.411Z [DEBUG] [Lingo.dev] Reloaded metadata: 41 entries
2026-02-06T01:25:47.413Z [INFO] [Lingo.dev] Translating all 41 entries to ml
2026-02-06T01:25:47.417Z [DEBUG] [Lingo.dev] Reloaded metadata: 41 entries
2026-02-06T01:25:47.418Z [INFO] [Lingo.dev] Translating all 41 entries to mr
2026-02-06T01:25:47.419Z [DEBUG] [Lingo.dev] Reloaded metadata: 41 entries
2026-02-06T01:25:47.420Z [INFO] [Lingo.dev] Translating all 41 entries to ms
2026-02-06T01:25:47.421Z [DEBUG] [Lingo.dev] Reloaded metadata: 41 entries
2026-02-06T01:25:47.422Z [INFO] [Lingo.dev] Translating all 41 entries to mt
2026-02-06T01:25:47.423Z [DEBUG] [Lingo.dev] Reloaded metadata: 41 entries
2026-02-06T01:25:47.430Z [INFO] [Lingo.dev] Translating all 41 entries to mn
2026-02-06T01:25:47.432Z [DEBUG] [Lingo.dev] Reloaded metadata: 41 entries
2026-02-06T01:25:47.433Z [INFO] [Lingo.dev] Translating all 41 entries to nb
2026-02-06T01:25:47.434Z [DEBUG] [Lingo.dev] Reloaded metadata: 41 entries
2026-02-06T01:25:47.435Z [INFO] [Lingo.dev] Translating all 41 entries to ne
2026-02-06T01:25:47.436Z [DEBUG] [Lingo.dev] Reloaded metadata: 41 entries
2026-02-06T01:25:47.437Z [INFO] [Lingo.dev] Translating all 41 entries to nl
2026-02-06T01:25:47.438Z [DEBUG] [Lingo.dev] Reloaded metadata: 41 entries
2026-02-06T01:25:47.450Z [INFO] [Lingo.dev] Translating all 41 entries to no
2026-02-06T01:25:47.454Z [DEBUG] [Lingo.dev] Reloaded metadata: 41 entries
2026-02-06T01:25:47.456Z [INFO] [Lingo.dev] Translating all 41 entries to pa
2026-02-06T01:25:47.458Z [DEBUG] [Lingo.dev] Reloaded metadata: 41 entries
2026-02-06T01:25:47.459Z [INFO] [Lingo.dev] Translating all 41 entries to pl
2026-02-06T01:25:47.459Z [DEBUG] [Lingo.dev] Reloaded metadata: 41 entries
2026-02-06T01:25:47.460Z [INFO] [Lingo.dev] Translating all 41 entries to pt
2026-02-06T01:25:47.461Z [DEBUG] [Lingo.dev] Reloaded metadata: 41 entries
2026-02-06T01:25:47.466Z [INFO] [Lingo.dev] Translating all 41 entries to ro
2026-02-06T01:25:47.648Z [DEBUG] [Lingo.dev] Reloaded metadata: 41 entries
2026-02-06T01:25:47.656Z [INFO] [Lingo.dev] Translating all 41 entries to ru
2026-02-06T01:25:47.657Z [DEBUG] [Lingo.dev] Reloaded metadata: 41 entries
2026-02-06T01:25:47.658Z [INFO] [Lingo.dev] Translating all 41 entries to rw
2026-02-06T01:25:47.660Z [DEBUG] [Lingo.dev] Reloaded metadata: 41 entries
2026-02-06T01:25:47.661Z [INFO] [Lingo.dev] Translating all 41 entries to si
2026-02-06T01:25:47.661Z [DEBUG] [Lingo.dev] Reloaded metadata: 41 entries
2026-02-06T01:25:47.662Z [INFO] [Lingo.dev] Translating all 41 entries to my
2026-02-06T01:25:47.663Z [DEBUG] [Lingo.dev] Reloaded metadata: 41 entries
2026-02-06T01:25:47.666Z [INFO] [Lingo.dev] Translating all 41 entries to sk
2026-02-06T01:25:47.682Z [DEBUG] [Lingo.dev] Reloaded metadata: 41 entries
2026-02-06T01:25:47.683Z [INFO] [Lingo.dev] Translating all 41 entries to sl
2026-02-06T01:25:47.686Z [DEBUG] [Lingo.dev] Reloaded metadata: 41 entries
2026-02-06T01:25:47.687Z [INFO] [Lingo.dev] Translating all 41 entries to sq
2026-02-06T01:25:47.687Z [DEBUG] [Lingo.dev] Reloaded metadata: 41 entries
2026-02-06T01:25:47.688Z [INFO] [Lingo.dev] Translating all 41 entries to sr
2026-02-06T01:25:47.689Z [DEBUG] [Lingo.dev] Reloaded metadata: 41 entries
2026-02-06T01:25:47.690Z [INFO] [Lingo.dev] Translating all 41 entries to sv
2026-02-06T01:25:47.691Z [DEBUG] [Lingo.dev] Reloaded metadata: 41 entries
2026-02-06T01:25:47.896Z [INFO] [Lingo.dev] Translating all 41 entries to sw
2026-02-06T01:25:47.897Z [DEBUG] [Lingo.dev] Reloaded metadata: 41 entries
2026-02-06T01:25:47.911Z [INFO] [Lingo.dev] Translating all 41 entries to ta
2026-02-06T01:25:47.917Z [DEBUG] [Lingo.dev] Reloaded metadata: 41 entries
2026-02-06T01:25:47.918Z [INFO] [Lingo.dev] Translating all 41 entries to te
2026-02-06T01:25:47.919Z [DEBUG] [Lingo.dev] Reloaded metadata: 41 entries
2026-02-06T01:25:47.920Z [INFO] [Lingo.dev] Translating all 41 entries to th
2026-02-06T01:25:47.921Z [DEBUG] [Lingo.dev] Reloaded metadata: 41 entries
2026-02-06T01:25:47.922Z [INFO] [Lingo.dev] Translating all 41 entries to ti
2026-02-06T01:25:47.923Z [DEBUG] [Lingo.dev] Reloaded metadata: 41 entries
2026-02-06T01:25:47.925Z [INFO] [Lingo.dev] Translating all 41 entries to tr
2026-02-06T01:25:47.926Z [DEBUG] [Lingo.dev] Reloaded metadata: 41 entries
2026-02-06T01:25:47.927Z [INFO] [Lingo.dev] Translating all 41 entries to uk
2026-02-06T01:25:47.928Z [DEBUG] [Lingo.dev] Reloaded metadata: 41 entries
2026-02-06T01:25:47.929Z [INFO] [Lingo.dev] Translating all 41 entries to ur
2026-02-06T01:25:47.930Z [DEBUG] [Lingo.dev] Reloaded metadata: 41 entries
2026-02-06T01:25:47.931Z [INFO] [Lingo.dev] Translating all 41 entries to uz
2026-02-06T01:25:47.932Z [DEBUG] [Lingo.dev] Reloaded metadata: 41 entries
2026-02-06T01:25:47.932Z [INFO] [Lingo.dev] Translating all 41 entries to vi
2026-02-06T01:25:47.933Z [DEBUG] [Lingo.dev] Reloaded metadata: 41 entries
2026-02-06T01:25:47.934Z [INFO] [Lingo.dev] Translating all 41 entries to zh
2026-02-06T01:25:47.935Z [DEBUG] [Lingo.dev] Reloaded metadata: 41 entries
2026-02-06T01:25:47.936Z [INFO] [Lingo.dev] Translating all 41 entries to zu
2026-02-06T01:27:05.820Z [INFO] [Lingo.dev] Port 60000 is available, starting new server...
2026-02-06T01:27:06.623Z [INFO] [Lingo.dev] 🔧 Initializing translator...
2026-02-06T01:27:06.634Z [DEBUG] [Lingo.dev] Starting translation server on port 60000
2026-02-06T01:27:06.635Z [INFO] [Lingo.dev] Translation server listening on http://127.0.0.1:60000
2026-02-06T01:27:06.637Z [INFO] [Lingo.dev] WebSocket server initialized
2026-02-06T04:47:37.496Z [INFO] [Lingo.dev] Port 60000 is available, starting new server...
2026-02-06T04:47:38.802Z [INFO] [Lingo.dev] 🔧 Initializing translator...
2026-02-06T04:47:38.832Z [DEBUG] [Lingo.dev] Starting translation server on port 60000
2026-02-06T04:47:38.833Z [INFO] [Lingo.dev] Translation server listening on http://127.0.0.1:60000
2026-02-06T04:47:38.834Z [INFO] [Lingo.dev] WebSocket server initialized
2026-02-06T05:02:13.107Z [INFO] [Lingo.dev] 📥 Received: POST /translations/en
2026-02-06T05:02:13.461Z [INFO] [Lingo.dev] 🔄 Processing: POST /translations/en
2026-02-06T05:02:13.810Z [DEBUG] [Lingo.dev] POST /translations/en
2026-02-06T05:02:13.890Z [DEBUG] [Lingo.dev] Reading request body...
2026-02-06T05:02:13.897Z [DEBUG] [Lingo.dev] Chunk read, body: {"hashes":["75e6dc12a549","c74947733e7c"]}
2026-02-06T05:02:13.901Z [DEBUG] [Lingo.dev] Parsed hashes: 75e6dc12a549,c74947733e7c
2026-02-06T05:02:13.932Z [DEBUG] [Lingo.dev] Reloaded metadata: 41 entries
2026-02-06T05:02:13.936Z [INFO] [Lingo.dev] 🔄 Translating 2 hashes to en
2026-02-06T05:02:13.957Z [DEBUG] [Lingo.dev] 🔄 Hashes: 75e6dc12a549, c74947733e7c
2026-02-06T05:02:13.965Z [DEBUG] [Lingo.dev] [BUSY] Server is now busy (1 active)
2026-02-06T05:02:14.099Z [DEBUG] [Lingo.dev] [IDLE] Server is now idle
2026-02-06T05:02:15.271Z [DEBUG] [Lingo.dev] WebSocket client connected. Total clients: 1
2026-02-06T05:02:16.338Z [INFO] [Lingo.dev] 📥 Received: OPTIONS /translations/en
2026-02-06T05:02:16.341Z [INFO] [Lingo.dev] 🔄 Processing: OPTIONS /translations/en
2026-02-06T05:02:16.345Z [DEBUG] [Lingo.dev] OPTIONS /translations/en
2026-02-06T05:02:16.352Z [INFO] [Lingo.dev] 📥 Received: POST /translations/en
2026-02-06T05:02:16.354Z [INFO] [Lingo.dev] 🔄 Processing: POST /translations/en
2026-02-06T05:02:16.355Z [DEBUG] [Lingo.dev] POST /translations/en
2026-02-06T05:02:16.356Z [DEBUG] [Lingo.dev] Reading request body...
2026-02-06T05:02:16.358Z [DEBUG] [Lingo.dev] Chunk read, body: {"hashes":["f475d3f6f347","15a2d8f86c4a","36a2d53782fa","94dbf261e91f","24a60f6efeec","0db347c45380","20eace1a9826","b15ae310ecb9","f6659e43d8bb","4a7ff3f1ac6e","83215d5b8d11","66220b5f171e","7ea5836ada85","4e5898b6fabd","5713b1e6e3d7","29346019e73a","028685c5bd59","44a0ba2360f9","dc43570a85a8","b3cd3234ab80","ad10e3ad4961","e97808d11a29","f09f19de12e7","9ad22c73eb94","548df29c5799","2d95720c6cb9","d663492f29dd","47e3bef2a799","960bf5c57742","a12db033fe24","89ac0bdc4677","90e1248bc0d4","272be431d6b5","7d9dd9342f0c","951641870897","d77e89aaa1a1","690bda1ce921","77efec9ca8bb","b7c97b6d9d38"]}
2026-02-06T05:02:16.359Z [DEBUG] [Lingo.dev] Parsed hashes: f475d3f6f347,15a2d8f86c4a,36a2d53782fa,94dbf261e91f,24a60f6efeec,0db347c45380,20eace1a9826,b15ae310ecb9,f6659e43d8bb,4a7ff3f1ac6e,83215d5b8d11,66220b5f171e,7ea5836ada85,4e5898b6fabd,5713b1e6e3d7,29346019e73a,028685c5bd59,44a0ba2360f9,dc43570a85a8,b3cd3234ab80,ad10e3ad4961,e97808d11a29,f09f19de12e7,9ad22c73eb94,548df29c5799,2d95720c6cb9,d663492f29dd,47e3bef2a799,960bf5c57742,a12db033fe24,89ac0bdc4677,90e1248bc0d4,272be431d6b5,7d9dd9342f0c,951641870897,d77e89aaa1a1,690bda1ce921,77efec9ca8bb,b7c97b6d9d38
2026-02-06T05:02:16.361Z [DEBUG] [Lingo.dev] Reloaded metadata: 41 entries
2026-02-06T05:02:16.362Z [INFO] [Lingo.dev] 🔄 Translating 39 hashes to en
2026-02-06T05:02:16.363Z [DEBUG] [Lingo.dev] 🔄 Hashes: f475d3f6f347, 15a2d8f86c4a, 36a2d53782fa, 94dbf261e91f, 24a60f6efeec, 0db347c45380, 20eace1a9826, b15ae310ecb9, f6659e43d8bb, 4a7ff3f1ac6e, 83215d5b8d11, 66220b5f171e, 7ea5836ada85, 4e5898b6fabd, 5713b1e6e3d7, 29346019e73a, 028685c5bd59, 44a0ba2360f9, dc43570a85a8, b3cd3234ab80, ad10e3ad4961, e97808d11a29, f09f19de12e7, 9ad22c73eb94, 548df29c5799, 2d95720c6cb9, d663492f29dd, 47e3bef2a799, 960bf5c57742, a12db033fe24, 89ac0bdc4677, 90e1248bc0d4, 272be431d6b5, 7d9dd9342f0c, 951641870897, d77e89aaa1a1, 690bda1ce921, 77efec9ca8bb, b7c97b6d9d38
2026-02-06T05:02:16.364Z [DEBUG] [Lingo.dev] [BUSY] Server is now busy (1 active)
2026-02-06T05:02:16.848Z [DEBUG] [Lingo.dev] [IDLE] Server is now idle
2026-02-06T05:07:01.820Z [INFO] [Lingo.dev] Port 60000 is in use, checking if it's a translation server...
2026-02-06T05:07:01.829Z [INFO] [Lingo.dev] 📥 Received: GET /health
2026-02-06T05:07:01.885Z [INFO] [Lingo.dev] 🔄 Processing: GET /health
2026-02-06T05:07:01.887Z [DEBUG] [Lingo.dev] GET /health
2026-02-06T05:07:02.737Z [INFO] [Lingo.dev] ✅ Found existing translation server at http://127.0.0.1:60000, reusing it
2026-02-06T05:07:06.857Z [INFO] [Lingo.dev] Port 60000 is in use, checking if it's a translation server...
2026-02-06T05:07:06.866Z [INFO] [Lingo.dev] 📥 Received: GET /health
2026-02-06T05:07:06.867Z [INFO] [Lingo.dev] 🔄 Processing: GET /health
2026-02-06T05:07:06.869Z [DEBUG] [Lingo.dev] GET /health
2026-02-06T05:07:26.168Z [INFO] [Lingo.dev] Port 60000 is in use, checking if it's a translation server...
2026-02-06T05:07:26.206Z [INFO] [Lingo.dev] 📥 Received: GET /health
2026-02-06T05:07:26.207Z [INFO] [Lingo.dev] 🔄 Processing: GET /health
2026-02-06T05:07:26.208Z [DEBUG] [Lingo.dev] GET /health
2026-02-06T05:07:26.512Z [INFO] [Lingo.dev] ✅ Found existing translation server at http://127.0.0.1:60000, reusing it
2026-02-06T05:07:31.021Z [INFO] [Lingo.dev] Port 60000 is in use, checking if it's a translation server...
2026-02-06T05:07:31.031Z [INFO] [Lingo.dev] 📥 Received: GET /health
2026-02-06T05:07:31.033Z [INFO] [Lingo.dev] 🔄 Processing: GET /health
2026-02-06T05:07:31.037Z [DEBUG] [Lingo.dev] GET /health
2026-02-06T05:07:51.484Z [INFO] [Lingo.dev] Port 60000 is available, starting new server...
2026-02-06T05:07:52.285Z [INFO] [Lingo.dev] 🔧 Initializing translator...
2026-02-06T05:07:52.299Z [DEBUG] [Lingo.dev] Starting translation server on port 60000
2026-02-06T05:07:52.300Z [INFO] [Lingo.dev] Translation server listening on http://127.0.0.1:60000
2026-02-06T05:07:52.301Z [INFO] [Lingo.dev] WebSocket server initialized
2026-02-06T05:09:22.307Z [DEBUG] [Lingo.dev] WebSocket client connected. Total clients: 1
2026-02-06T05:09:29.929Z [INFO] [Lingo.dev] 📥 Received: POST /translations/en
2026-02-06T05:09:30.319Z [INFO] [Lingo.dev] 🔄 Processing: POST /translations/en
2026-02-06T05:09:30.379Z [DEBUG] [Lingo.dev] POST /translations/en
2026-02-06T05:09:30.604Z [DEBUG] [Lingo.dev] Reading request body...
2026-02-06T05:09:30.656Z [DEBUG] [Lingo.dev] Chunk read, body: {"hashes":["75e6dc12a549","c74947733e7c"]}
2026-02-06T05:09:31.077Z [DEBUG] [Lingo.dev] Parsed hashes: 75e6dc12a549,c74947733e7c
2026-02-06T05:09:31.110Z [INFO] [Lingo.dev] 📥 Received: POST /translations/en
2026-02-06T05:09:31.187Z [INFO] [Lingo.dev] 🔄 Processing: POST /translations/en
2026-02-06T05:09:31.250Z [DEBUG] [Lingo.dev] POST /translations/en
2026-02-06T05:09:31.282Z [DEBUG] [Lingo.dev] Reading request body...
2026-02-06T05:09:31.304Z [DEBUG] [Lingo.dev] Chunk read, body: {"hashes":["75e6dc12a549","c74947733e7c"]}
2026-02-06T05:09:31.336Z [DEBUG] [Lingo.dev] Parsed hashes: 75e6dc12a549,c74947733e7c
2026-02-06T05:09:31.363Z [DEBUG] [Lingo.dev] Reloaded metadata: 41 entries
2026-02-06T05:09:31.433Z [INFO] [Lingo.dev] 🔄 Translating 2 hashes to en
2026-02-06T05:09:31.586Z [DEBUG] [Lingo.dev] 🔄 Hashes: 75e6dc12a549, c74947733e7c
2026-02-06T05:09:31.642Z [DEBUG] [Lingo.dev] [BUSY] Server is now busy (1 active)
2026-02-06T05:09:31.664Z [DEBUG] [Lingo.dev] Reloaded metadata: 41 entries
2026-02-06T05:09:31.690Z [INFO] [Lingo.dev] 🔄 Translating 2 hashes to en
2026-02-06T05:09:31.711Z [DEBUG] [Lingo.dev] 🔄 Hashes: 75e6dc12a549, c74947733e7c
2026-02-06T05:09:31.734Z [INFO] [Lingo.dev] 📥 Received: POST /translations/en
2026-02-06T05:09:31.757Z [INFO] [Lingo.dev] 🔄 Processing: POST /translations/en
2026-02-06T05:09:31.781Z [DEBUG] [Lingo.dev] POST /translations/en
2026-02-06T05:09:31.809Z [DEBUG] [Lingo.dev] Reading request body...
2026-02-06T05:09:31.848Z [DEBUG] [Lingo.dev] Chunk read, body: {"hashes":["75e6dc12a549","c74947733e7c"]}
2026-02-06T05:09:31.901Z [DEBUG] [Lingo.dev] Parsed hashes: 75e6dc12a549,c74947733e7c
2026-02-06T05:09:31.947Z [DEBUG] [Lingo.dev] Reloaded metadata: 41 entries
2026-02-06T05:09:31.984Z [INFO] [Lingo.dev] 🔄 Translating 2 hashes to en
2026-02-06T05:09:31.997Z [DEBUG] [Lingo.dev] 🔄 Hashes: 75e6dc12a549, c74947733e7c
2026-02-06T05:09:32.013Z [DEBUG] [Lingo.dev] WebSocket client disconnected. Total clients: 0
2026-02-06T05:09:32.021Z [DEBUG] [Lingo.dev] [IDLE] Server is now idle
2026-02-06T05:09:32.310Z [DEBUG] [Lingo.dev] WebSocket client connected. Total clients: 1
2026-02-06T05:09:32.581Z [INFO] [Lingo.dev] 📥 Received: OPTIONS /translations/en
2026-02-06T05:09:32.585Z [INFO] [Lingo.dev] 🔄 Processing: OPTIONS /translations/en
2026-02-06T05:09:32.591Z [DEBUG] [Lingo.dev] OPTIONS /translations/en
2026-02-06T05:09:32.593Z [INFO] [Lingo.dev] 📥 Received: POST /translations/en
2026-02-06T05:09:32.603Z [INFO] [Lingo.dev] 🔄 Processing: POST /translations/en
2026-02-06T05:09:32.620Z [DEBUG] [Lingo.dev] POST /translations/en
2026-02-06T05:09:32.634Z [DEBUG] [Lingo.dev] Reading request body...
2026-02-06T05:09:32.688Z [DEBUG] [Lingo.dev] Chunk read, body: {"hashes":["f475d3f6f347","15a2d8f86c4a","36a2d53782fa","94dbf261e91f","24a60f6efeec","0db347c45380","20eace1a9826","b15ae310ecb9","f6659e43d8bb","4a7ff3f1ac6e","83215d5b8d11","66220b5f171e","7ea5836ada85","4e5898b6fabd","5713b1e6e3d7","29346019e73a","028685c5bd59","44a0ba2360f9","dc43570a85a8","b3cd3234ab80","ad10e3ad4961","e97808d11a29","f09f19de12e7","9ad22c73eb94","548df29c5799","2d95720c6cb9","d663492f29dd","47e3bef2a799","960bf5c57742","a12db033fe24","89ac0bdc4677","90e1248bc0d4","272be431d6b5","7d9dd9342f0c","951641870897","d77e89aaa1a1","690bda1ce921","77efec9ca8bb","b7c97b6d9d38"]}
2026-02-06T05:09:32.710Z [DEBUG] [Lingo.dev] Parsed hashes: f475d3f6f347,15a2d8f86c4a,36a2d53782fa,94dbf261e91f,24a60f6efeec,0db347c45380,20eace1a9826,b15ae310ecb9,f6659e43d8bb,4a7ff3f1ac6e,83215d5b8d11,66220b5f171e,7ea5836ada85,4e5898b6fabd,5713b1e6e3d7,29346019e73a,028685c5bd59,44a0ba2360f9,dc43570a85a8,b3cd3234ab80,ad10e3ad4961,e97808d11a29,f09f19de12e7,9ad22c73eb94,548df29c5799,2d95720c6cb9,d663492f29dd,47e3bef2a799,960bf5c57742,a12db033fe24,89ac0bdc4677,90e1248bc0d4,272be431d6b5,7d9dd9342f0c,951641870897,d77e89aaa1a1,690bda1ce921,77efec9ca8bb,b7c97b6d9d38
2026-02-06T05:09:32.723Z [DEBUG] [Lingo.dev] Reloaded metadata: 41 entries
2026-02-06T05:09:32.730Z [INFO] [Lingo.dev] 🔄 Translating 39 hashes to en
2026-02-06T05:09:32.732Z [DEBUG] [Lingo.dev] 🔄 Hashes: f475d3f6f347, 15a2d8f86c4a, 36a2d53782fa, 94dbf261e91f, 24a60f6efeec, 0db347c45380, 20eace1a9826, b15ae310ecb9, f6659e43d8bb, 4a7ff3f1ac6e, 83215d5b8d11, 66220b5f171e, 7ea5836ada85, 4e5898b6fabd, 5713b1e6e3d7, 29346019e73a, 028685c5bd59, 44a0ba2360f9, dc43570a85a8, b3cd3234ab80, ad10e3ad4961, e97808d11a29, f09f19de12e7, 9ad22c73eb94, 548df29c5799, 2d95720c6cb9, d663492f29dd, 47e3bef2a799, 960bf5c57742, a12db033fe24, 89ac0bdc4677, 90e1248bc0d4, 272be431d6b5, 7d9dd9342f0c, 951641870897, d77e89aaa1a1, 690bda1ce921, 77efec9ca8bb, b7c97b6d9d38
2026-02-06T05:09:32.735Z [DEBUG] [Lingo.dev] [BUSY] Server is now busy (1 active)
2026-02-06T05:09:33.157Z [DEBUG] [Lingo.dev] [IDLE] Server is now idle
2026-02-06T05:09:34.458Z [DEBUG] [Lingo.dev] WebSocket client connected. Total clients: 2
2026-02-06T05:09:35.332Z [INFO] [Lingo.dev] 📥 Received: POST /translations/en
2026-02-06T05:09:35.338Z [INFO] [Lingo.dev] 🔄 Processing: POST /translations/en
2026-02-06T05:09:35.347Z [DEBUG] [Lingo.dev] POST /translations/en
2026-02-06T05:09:35.353Z [DEBUG] [Lingo.dev] Reading request body...
2026-02-06T05:09:35.360Z [DEBUG] [Lingo.dev] Chunk read, body: {"hashes":["f475d3f6f347","15a2d8f86c4a","36a2d53782fa","94dbf261e91f","24a60f6efeec","0db347c45380","20eace1a9826","b15ae310ecb9","f6659e43d8bb","4a7ff3f1ac6e","83215d5b8d11","66220b5f171e","7ea5836ada85","4e5898b6fabd","5713b1e6e3d7","29346019e73a","028685c5bd59","44a0ba2360f9","dc43570a85a8","b3cd3234ab80","ad10e3ad4961","e97808d11a29","f09f19de12e7","9ad22c73eb94","548df29c5799","2d95720c6cb9","d663492f29dd","47e3bef2a799","960bf5c57742","a12db033fe24","89ac0bdc4677","90e1248bc0d4","272be431d6b5","7d9dd9342f0c","951641870897","d77e89aaa1a1","690bda1ce921","77efec9ca8bb","b7c97b6d9d38"]}
2026-02-06T05:09:35.362Z [DEBUG] [Lingo.dev] Parsed hashes: f475d3f6f347,15a2d8f86c4a,36a2d53782fa,94dbf261e91f,24a60f6efeec,0db347c45380,20eace1a9826,b15ae310ecb9,f6659e43d8bb,4a7ff3f1ac6e,83215d5b8d11,66220b5f171e,7ea5836ada85,4e5898b6fabd,5713b1e6e3d7,29346019e73a,028685c5bd59,44a0ba2360f9,dc43570a85a8,b3cd3234ab80,ad10e3ad4961,e97808d11a29,f09f19de12e7,9ad22c73eb94,548df29c5799,2d95720c6cb9,d663492f29dd,47e3bef2a799,960bf5c57742,a12db033fe24,89ac0bdc4677,90e1248bc0d4,272be431d6b5,7d9dd9342f0c,951641870897,d77e89aaa1a1,690bda1ce921,77efec9ca8bb,b7c97b6d9d38
2026-02-06T05:09:35.365Z [DEBUG] [Lingo.dev] Reloaded metadata: 41 entries
2026-02-06T05:09:35.367Z [INFO] [Lingo.dev] 🔄 Translating 39 hashes to en
2026-02-06T05:09:35.370Z [DEBUG] [Lingo.dev] 🔄 Hashes: f475d3f6f347, 15a2d8f86c4a, 36a2d53782fa, 94dbf261e91f, 24a60f6efeec, 0db347c45380, 20eace1a9826, b15ae310ecb9, f6659e43d8bb, 4a7ff3f1ac6e, 83215d5b8d11, 66220b5f171e, 7ea5836ada85, 4e5898b6fabd, 5713b1e6e3d7, 29346019e73a, 028685c5bd59, 44a0ba2360f9, dc43570a85a8, b3cd3234ab80, ad10e3ad4961, e97808d11a29, f09f19de12e7, 9ad22c73eb94, 548df29c5799, 2d95720c6cb9, d663492f29dd, 47e3bef2a799, 960bf5c57742, a12db033fe24, 89ac0bdc4677, 90e1248bc0d4, 272be431d6b5, 7d9dd9342f0c, 951641870897, d77e89aaa1a1, 690bda1ce921, 77efec9ca8bb, b7c97b6d9d38
2026-02-06T05:09:35.372Z [DEBUG] [Lingo.dev] [BUSY] Server is now busy (1 active)
2026-02-06T05:09:35.863Z [DEBUG] [Lingo.dev] [IDLE] Server is now idle
2026-02-06T05:09:46.026Z [INFO] [Lingo.dev] 📥 Received: OPTIONS /translations/de
2026-02-06T05:09:46.056Z [INFO] [Lingo.dev] 🔄 Processing: OPTIONS /translations/de
2026-02-06T05:09:46.158Z [DEBUG] [Lingo.dev] OPTIONS /translations/de
2026-02-06T05:09:46.176Z [INFO] [Lingo.dev] 📥 Received: POST /translations/de
2026-02-06T05:09:46.189Z [INFO] [Lingo.dev] 🔄 Processing: POST /translations/de
2026-02-06T05:09:46.194Z [DEBUG] [Lingo.dev] POST /translations/de
2026-02-06T05:09:46.211Z [DEBUG] [Lingo.dev] Reading request body...
2026-02-06T05:09:46.223Z [DEBUG] [Lingo.dev] Chunk read, body: {"hashes":["f475d3f6f347","15a2d8f86c4a","36a2d53782fa","94dbf261e91f","24a60f6efeec","0db347c45380","20eace1a9826","b15ae310ecb9","f6659e43d8bb","4a7ff3f1ac6e","83215d5b8d11","66220b5f171e","7ea5836ada85","4e5898b6fabd","5713b1e6e3d7","29346019e73a","028685c5bd59","44a0ba2360f9","dc43570a85a8","b3cd3234ab80","ad10e3ad4961","e97808d11a29","f09f19de12e7","9ad22c73eb94","548df29c5799","2d95720c6cb9","d663492f29dd","47e3bef2a799","960bf5c57742","a12db033fe24","89ac0bdc4677","90e1248bc0d4","272be431d6b5","7d9dd9342f0c","951641870897","d77e89aaa1a1","690bda1ce921","77efec9ca8bb","b7c97b6d9d38"]}
2026-02-06T05:09:46.242Z [DEBUG] [Lingo.dev] Parsed hashes: f475d3f6f347,15a2d8f86c4a,36a2d53782fa,94dbf261e91f,24a60f6efeec,0db347c45380,20eace1a9826,b15ae310ecb9,f6659e43d8bb,4a7ff3f1ac6e,83215d5b8d11,66220b5f171e,7ea5836ada85,4e5898b6fabd,5713b1e6e3d7,29346019e73a,028685c5bd59,44a0ba2360f9,dc43570a85a8,b3cd3234ab80,ad10e3ad4961,e97808d11a29,f09f19de12e7,9ad22c73eb94,548df29c5799,2d95720c6cb9,d663492f29dd,47e3bef2a799,960bf5c57742,a12db033fe24,89ac0bdc4677,90e1248bc0d4,272be431d6b5,7d9dd9342f0c,951641870897,d77e89aaa1a1,690bda1ce921,77efec9ca8bb,b7c97b6d9d38
2026-02-06T05:09:46.247Z [DEBUG] [Lingo.dev] Reloaded metadata: 41 entries
2026-02-06T05:09:46.253Z [INFO] [Lingo.dev] 🔄 Translating 39 hashes to de
2026-02-06T05:09:46.258Z [DEBUG] [Lingo.dev] 🔄 Hashes: f475d3f6f347, 15a2d8f86c4a, 36a2d53782fa, 94dbf261e91f, 24a60f6efeec, 0db347c45380, 20eace1a9826, b15ae310ecb9, f6659e43d8bb, 4a7ff3f1ac6e, 83215d5b8d11, 66220b5f171e, 7ea5836ada85, 4e5898b6fabd, 5713b1e6e3d7, 29346019e73a, 028685c5bd59, 44a0ba2360f9, dc43570a85a8, b3cd3234ab80, ad10e3ad4961, e97808d11a29, f09f19de12e7, 9ad22c73eb94, 548df29c5799, 2d95720c6cb9, d663492f29dd, 47e3bef2a799, 960bf5c57742, a12db033fe24, 89ac0bdc4677, 90e1248bc0d4, 272be431d6b5, 7d9dd9342f0c, 951641870897, d77e89aaa1a1, 690bda1ce921, 77efec9ca8bb, b7c97b6d9d38
2026-02-06T05:09:46.263Z [DEBUG] [Lingo.dev] [BUSY] Server is now busy (1 active)
2026-02-06T05:09:46.669Z [DEBUG] [Lingo.dev] [IDLE] Server is now idle
2026-02-06T05:10:34.496Z [INFO] [Lingo.dev] 📥 Received: OPTIONS /translations/es
2026-02-06T05:10:34.502Z [INFO] [Lingo.dev] 🔄 Processing: OPTIONS /translations/es
2026-02-06T05:10:34.519Z [DEBUG] [Lingo.dev] OPTIONS /translations/es
2026-02-06T05:10:34.547Z [INFO] [Lingo.dev] 📥 Received: POST /translations/es
2026-02-06T05:10:34.555Z [INFO] [Lingo.dev] 🔄 Processing: POST /translations/es
2026-02-06T05:10:34.558Z [DEBUG] [Lingo.dev] POST /translations/es
2026-02-06T05:10:34.566Z [DEBUG] [Lingo.dev] Reading request body...
2026-02-06T05:10:34.570Z [DEBUG] [Lingo.dev] Chunk read, body: {"hashes":["f475d3f6f347","15a2d8f86c4a","36a2d53782fa","94dbf261e91f","24a60f6efeec","0db347c45380","20eace1a9826","b15ae310ecb9","f6659e43d8bb","4a7ff3f1ac6e","83215d5b8d11","66220b5f171e","7ea5836ada85","4e5898b6fabd","5713b1e6e3d7","29346019e73a","028685c5bd59","44a0ba2360f9","dc43570a85a8","b3cd3234ab80","ad10e3ad4961","e97808d11a29","f09f19de12e7","9ad22c73eb94","548df29c5799","2d95720c6cb9","d663492f29dd","47e3bef2a799","960bf5c57742","a12db033fe24","89ac0bdc4677","90e1248bc0d4","272be431d6b5","7d9dd9342f0c","951641870897","d77e89aaa1a1","690bda1ce921","77efec9ca8bb","b7c97b6d9d38"]}
2026-02-06T05:10:34.578Z [DEBUG] [Lingo.dev] Parsed hashes: f475d3f6f347,15a2d8f86c4a,36a2d53782fa,94dbf261e91f,24a60f6efeec,0db347c45380,20eace1a9826,b15ae310ecb9,f6659e43d8bb,4a7ff3f1ac6e,83215d5b8d11,66220b5f171e,7ea5836ada85,4e5898b6fabd,5713b1e6e3d7,29346019e73a,028685c5bd59,44a0ba2360f9,dc43570a85a8,b3cd3234ab80,ad10e3ad4961,e97808d11a29,f09f19de12e7,9ad22c73eb94,548df29c5799,2d95720c6cb9,d663492f29dd,47e3bef2a799,960bf5c57742,a12db033fe24,89ac0bdc4677,90e1248bc0d4,272be431d6b5,7d9dd9342f0c,951641870897,d77e89aaa1a1,690bda1ce921,77efec9ca8bb,b7c97b6d9d38
2026-02-06T05:10:34.593Z [DEBUG] [Lingo.dev] Reloaded metadata: 41 entries
2026-02-06T05:10:34.609Z [INFO] [Lingo.dev] 🔄 Translating 39 hashes to es
2026-02-06T05:10:34.622Z [DEBUG] [Lingo.dev] 🔄 Hashes: f475d3f6f347, 15a2d8f86c4a, 36a2d53782fa, 94dbf261e91f, 24a60f6efeec, 0db347c45380, 20eace1a9826, b15ae310ecb9, f6659e43d8bb, 4a7ff3f1ac6e, 83215d5b8d11, 66220b5f171e, 7ea5836ada85, 4e5898b6fabd, 5713b1e6e3d7, 29346019e73a, 028685c5bd59, 44a0ba2360f9, dc43570a85a8, b3cd3234ab80, ad10e3ad4961, e97808d11a29, f09f19de12e7, 9ad22c73eb94, 548df29c5799, 2d95720c6cb9, d663492f29dd, 47e3bef2a799, 960bf5c57742, a12db033fe24, 89ac0bdc4677, 90e1248bc0d4, 272be431d6b5, 7d9dd9342f0c, 951641870897, d77e89aaa1a1, 690bda1ce921, 77efec9ca8bb, b7c97b6d9d38
2026-02-06T05:10:34.626Z [DEBUG] [Lingo.dev] [BUSY] Server is now busy (1 active)
2026-02-06T05:10:35.046Z [DEBUG] [Lingo.dev] [IDLE] Server is now idle
2026-02-06T05:11:10.372Z [INFO] [Lingo.dev] 📥 Received: OPTIONS /translations/ar
2026-02-06T05:11:10.378Z [INFO] [Lingo.dev] 🔄 Processing: OPTIONS /translations/ar
2026-02-06T05:11:10.391Z [DEBUG] [Lingo.dev] OPTIONS /translations/ar
2026-02-06T05:11:10.408Z [INFO] [Lingo.dev] 📥 Received: POST /translations/ar
2026-02-06T05:11:10.413Z [INFO] [Lingo.dev] 🔄 Processing: POST /translations/ar
2026-02-06T05:11:10.423Z [DEBUG] [Lingo.dev] POST /translations/ar
2026-02-06T05:11:10.425Z [DEBUG] [Lingo.dev] Reading request body...
2026-02-06T05:11:10.427Z [DEBUG] [Lingo.dev] Chunk read, body: {"hashes":["f475d3f6f347","15a2d8f86c4a","36a2d53782fa","94dbf261e91f","24a60f6efeec","0db347c45380","20eace1a9826","b15ae310ecb9","f6659e43d8bb","4a7ff3f1ac6e","83215d5b8d11","66220b5f171e","7ea5836ada85","4e5898b6fabd","5713b1e6e3d7","29346019e73a","028685c5bd59","44a0ba2360f9","dc43570a85a8","b3cd3234ab80","ad10e3ad4961","e97808d11a29","f09f19de12e7","9ad22c73eb94","548df29c5799","2d95720c6cb9","d663492f29dd","47e3bef2a799","960bf5c57742","a12db033fe24","89ac0bdc4677","90e1248bc0d4","272be431d6b5","7d9dd9342f0c","951641870897","d77e89aaa1a1","690bda1ce921","77efec9ca8bb","b7c97b6d9d38"]}
2026-02-06T05:11:10.431Z [DEBUG] [Lingo.dev] Parsed hashes: f475d3f6f347,15a2d8f86c4a,36a2d53782fa,94dbf261e91f,24a60f6efeec,0db347c45380,20eace1a9826,b15ae310ecb9,f6659e43d8bb,4a7ff3f1ac6e,83215d5b8d11,66220b5f171e,7ea5836ada85,4e5898b6fabd,5713b1e6e3d7,29346019e73a,028685c5bd59,44a0ba2360f9,dc43570a85a8,b3cd3234ab80,ad10e3ad4961,e97808d11a29,f09f19de12e7,9ad22c73eb94,548df29c5799,2d95720c6cb9,d663492f29dd,47e3bef2a799,960bf5c57742,a12db033fe24,89ac0bdc4677,90e1248bc0d4,272be431d6b5,7d9dd9342f0c,951641870897,d77e89aaa1a1,690bda1ce921,77efec9ca8bb,b7c97b6d9d38
2026-02-06T05:11:10.432Z [DEBUG] [Lingo.dev] Reloaded metadata: 41 entries
2026-02-06T05:11:10.436Z [INFO] [Lingo.dev] 🔄 Translating 39 hashes to ar
2026-02-06T05:11:10.440Z [DEBUG] [Lingo.dev] 🔄 Hashes: f475d3f6f347, 15a2d8f86c4a, 36a2d53782fa, 94dbf261e91f, 24a60f6efeec, 0db347c45380, 20eace1a9826, b15ae310ecb9, f6659e43d8bb, 4a7ff3f1ac6e, 83215d5b8d11, 66220b5f171e, 7ea5836ada85, 4e5898b6fabd, 5713b1e6e3d7, 29346019e73a, 028685c5bd59, 44a0ba2360f9, dc43570a85a8, b3cd3234ab80, ad10e3ad4961, e97808d11a29, f09f19de12e7, 9ad22c73eb94, 548df29c5799, 2d95720c6cb9, d663492f29dd, 47e3bef2a799, 960bf5c57742, a12db033fe24, 89ac0bdc4677, 90e1248bc0d4, 272be431d6b5, 7d9dd9342f0c, 951641870897, d77e89aaa1a1, 690bda1ce921, 77efec9ca8bb, b7c97b6d9d38
2026-02-06T05:11:10.442Z [DEBUG] [Lingo.dev] [BUSY] Server is now busy (1 active)
2026-02-06T05:11:10.905Z [DEBUG] [Lingo.dev] [IDLE] Server is now idle
2026-02-06T05:12:59.516Z [INFO] [Lingo.dev] 📥 Received: OPTIONS /translations/en
2026-02-06T05:12:59.523Z [INFO] [Lingo.dev] 🔄 Processing: OPTIONS /translations/en
2026-02-06T05:12:59.534Z [DEBUG] [Lingo.dev] OPTIONS /translations/en
2026-02-06T05:12:59.543Z [INFO] [Lingo.dev] 📥 Received: POST /translations/en
2026-02-06T05:12:59.545Z [INFO] [Lingo.dev] 🔄 Processing: POST /translations/en
2026-02-06T05:12:59.549Z [DEBUG] [Lingo.dev] POST /translations/en
2026-02-06T05:12:59.551Z [DEBUG] [Lingo.dev] Reading request body...
2026-02-06T05:12:59.552Z [DEBUG] [Lingo.dev] Chunk read, body: {"hashes":["f475d3f6f347","15a2d8f86c4a","36a2d53782fa","94dbf261e91f","24a60f6efeec","0db347c45380","20eace1a9826","b15ae310ecb9","f6659e43d8bb","4a7ff3f1ac6e","83215d5b8d11","66220b5f171e","7ea5836ada85","4e5898b6fabd","5713b1e6e3d7","29346019e73a","028685c5bd59","44a0ba2360f9","dc43570a85a8","b3cd3234ab80","ad10e3ad4961","e97808d11a29","f09f19de12e7","9ad22c73eb94","548df29c5799","2d95720c6cb9","d663492f29dd","47e3bef2a799","960bf5c57742","a12db033fe24","89ac0bdc4677","90e1248bc0d4","272be431d6b5","7d9dd9342f0c","951641870897","d77e89aaa1a1","690bda1ce921","77efec9ca8bb","b7c97b6d9d38"]}
2026-02-06T05:12:59.557Z [DEBUG] [Lingo.dev] Parsed hashes: f475d3f6f347,15a2d8f86c4a,36a2d53782fa,94dbf261e91f,24a60f6efeec,0db347c45380,20eace1a9826,b15ae310ecb9,f6659e43d8bb,4a7ff3f1ac6e,83215d5b8d11,66220b5f171e,7ea5836ada85,4e5898b6fabd,5713b1e6e3d7,29346019e73a,028685c5bd59,44a0ba2360f9,dc43570a85a8,b3cd3234ab80,ad10e3ad4961,e97808d11a29,f09f19de12e7,9ad22c73eb94,548df29c5799,2d95720c6cb9,d663492f29dd,47e3bef2a799,960bf5c57742,a12db033fe24,89ac0bdc4677,90e1248bc0d4,272be431d6b5,7d9dd9342f0c,951641870897,d77e89aaa1a1,690bda1ce921,77efec9ca8bb,b7c97b6d9d38
2026-02-06T05:12:59.559Z [DEBUG] [Lingo.dev] Reloaded metadata: 41 entries
2026-02-06T05:12:59.569Z [INFO] [Lingo.dev] 🔄 Translating 39 hashes to en
2026-02-06T05:12:59.574Z [DEBUG] [Lingo.dev] 🔄 Hashes: f475d3f6f347, 15a2d8f86c4a, 36a2d53782fa, 94dbf261e91f, 24a60f6efeec, 0db347c45380, 20eace1a9826, b15ae310ecb9, f6659e43d8bb, 4a7ff3f1ac6e, 83215d5b8d11, 66220b5f171e, 7ea5836ada85, 4e5898b6fabd, 5713b1e6e3d7, 29346019e73a, 028685c5bd59, 44a0ba2360f9, dc43570a85a8, b3cd3234ab80, ad10e3ad4961, e97808d11a29, f09f19de12e7, 9ad22c73eb94, 548df29c5799, 2d95720c6cb9, d663492f29dd, 47e3bef2a799, 960bf5c57742, a12db033fe24, 89ac0bdc4677, 90e1248bc0d4, 272be431d6b5, 7d9dd9342f0c, 951641870897, d77e89aaa1a1, 690bda1ce921, 77efec9ca8bb, b7c97b6d9d38
2026-02-06T05:12:59.580Z [DEBUG] [Lingo.dev] [BUSY] Server is now busy (1 active)
2026-02-06T05:13:00.057Z [DEBUG] [Lingo.dev] [IDLE] Server is now idle
2026-02-06T05:21:11.851Z [INFO] [Lingo.dev] 📥 Received: OPTIONS /translations/fr
2026-02-06T05:21:11.916Z [INFO] [Lingo.dev] 🔄 Processing: OPTIONS /translations/fr
2026-02-06T05:21:12.015Z [DEBUG] [Lingo.dev] OPTIONS /translations/fr
2026-02-06T05:21:12.036Z [INFO] [Lingo.dev] 📥 Received: POST /translations/fr
2026-02-06T05:21:12.042Z [INFO] [Lingo.dev] 🔄 Processing: POST /translations/fr
2026-02-06T05:21:12.049Z [DEBUG] [Lingo.dev] POST /translations/fr
2026-02-06T05:21:12.052Z [DEBUG] [Lingo.dev] Reading request body...
2026-02-06T05:21:12.054Z [DEBUG] [Lingo.dev] Chunk read, body: {"hashes":["f475d3f6f347","15a2d8f86c4a","36a2d53782fa","94dbf261e91f","24a60f6efeec","0db347c45380","20eace1a9826","b15ae310ecb9","f6659e43d8bb","4a7ff3f1ac6e","83215d5b8d11","66220b5f171e","7ea5836ada85","4e5898b6fabd","5713b1e6e3d7","29346019e73a","028685c5bd59","44a0ba2360f9","dc43570a85a8","b3cd3234ab80","ad10e3ad4961","e97808d11a29","f09f19de12e7","9ad22c73eb94","548df29c5799","2d95720c6cb9","d663492f29dd","47e3bef2a799","960bf5c57742","a12db033fe24","89ac0bdc4677","90e1248bc0d4","272be431d6b5","7d9dd9342f0c","951641870897","d77e89aaa1a1","690bda1ce921","77efec9ca8bb","b7c97b6d9d38"]}
2026-02-06T05:21:12.057Z [DEBUG] [Lingo.dev] Parsed hashes: f475d3f6f347,15a2d8f86c4a,36a2d53782fa,94dbf261e91f,24a60f6efeec,0db347c45380,20eace1a9826,b15ae310ecb9,f6659e43d8bb,4a7ff3f1ac6e,83215d5b8d11,66220b5f171e,7ea5836ada85,4e5898b6fabd,5713b1e6e3d7,29346019e73a,028685c5bd59,44a0ba2360f9,dc43570a85a8,b3cd3234ab80,ad10e3ad4961,e97808d11a29,f09f19de12e7,9ad22c73eb94,548df29c5799,2d95720c6cb9,d663492f29dd,47e3bef2a799,960bf5c57742,a12db033fe24,89ac0bdc4677,90e1248bc0d4,272be431d6b5,7d9dd9342f0c,951641870897,d77e89aaa1a1,690bda1ce921,77efec9ca8bb,b7c97b6d9d38
2026-02-06T05:21:12.060Z [DEBUG] [Lingo.dev] Reloaded metadata: 41 entries
2026-02-06T05:21:12.062Z [INFO] [Lingo.dev] 🔄 Translating 39 hashes to fr
2026-02-06T05:21:12.067Z [DEBUG] [Lingo.dev] 🔄 Hashes: f475d3f6f347, 15a2d8f86c4a, 36a2d53782fa, 94dbf261e91f, 24a60f6efeec, 0db347c45380, 20eace1a9826, b15ae310ecb9, f6659e43d8bb, 4a7ff3f1ac6e, 83215d5b8d11, 66220b5f171e, 7ea5836ada85, 4e5898b6fabd, 5713b1e6e3d7, 29346019e73a, 028685c5bd59, 44a0ba2360f9, dc43570a85a8, b3cd3234ab80, ad10e3ad4961, e97808d11a29, f09f19de12e7, 9ad22c73eb94, 548df29c5799, 2d95720c6cb9, d663492f29dd, 47e3bef2a799, 960bf5c57742, a12db033fe24, 89ac0bdc4677, 90e1248bc0d4, 272be431d6b5, 7d9dd9342f0c, 951641870897, d77e89aaa1a1, 690bda1ce921, 77efec9ca8bb, b7c97b6d9d38
2026-02-06T05:21:12.071Z [DEBUG] [Lingo.dev] [BUSY] Server is now busy (1 active)
2026-02-06T05:21:12.537Z [DEBUG] [Lingo.dev] [IDLE] Server is now idle
2026-02-06T05:21:26.464Z [INFO] [Lingo.dev] 📥 Received: OPTIONS /translations/ar
2026-02-06T05:21:26.473Z [INFO] [Lingo.dev] 🔄 Processing: OPTIONS /translations/ar
2026-02-06T05:21:26.483Z [DEBUG] [Lingo.dev] OPTIONS /translations/ar
2026-02-06T05:21:26.486Z [INFO] [Lingo.dev] 📥 Received: POST /translations/ar
2026-02-06T05:21:26.501Z [INFO] [Lingo.dev] 🔄 Processing: POST /translations/ar
2026-02-06T05:21:26.506Z [DEBUG] [Lingo.dev] POST /translations/ar
2026-02-06T05:21:26.522Z [DEBUG] [Lingo.dev] Reading request body...
2026-02-06T05:21:26.526Z [DEBUG] [Lingo.dev] Chunk read, body: {"hashes":["f475d3f6f347","15a2d8f86c4a","36a2d53782fa","94dbf261e91f","24a60f6efeec","0db347c45380","20eace1a9826","b15ae310ecb9","f6659e43d8bb","4a7ff3f1ac6e","83215d5b8d11","66220b5f171e","7ea5836ada85","4e5898b6fabd","5713b1e6e3d7","29346019e73a","028685c5bd59","44a0ba2360f9","dc43570a85a8","b3cd3234ab80","ad10e3ad4961","e97808d11a29","f09f19de12e7","9ad22c73eb94","548df29c5799","2d95720c6cb9","d663492f29dd","47e3bef2a799","960bf5c57742","a12db033fe24","89ac0bdc4677","90e1248bc0d4","272be431d6b5","7d9dd9342f0c","951641870897","d77e89aaa1a1","690bda1ce921","77efec9ca8bb","b7c97b6d9d38"]}
2026-02-06T05:21:26.529Z [DEBUG] [Lingo.dev] Parsed hashes: f475d3f6f347,15a2d8f86c4a,36a2d53782fa,94dbf261e91f,24a60f6efeec,0db347c45380,20eace1a9826,b15ae310ecb9,f6659e43d8bb,4a7ff3f1ac6e,83215d5b8d11,66220b5f171e,7ea5836ada85,4e5898b6fabd,5713b1e6e3d7,29346019e73a,028685c5bd59,44a0ba2360f9,dc43570a85a8,b3cd3234ab80,ad10e3ad4961,e97808d11a29,f09f19de12e7,9ad22c73eb94,548df29c5799,2d95720c6cb9,d663492f29dd,47e3bef2a799,960bf5c57742,a12db033fe24,89ac0bdc4677,90e1248bc0d4,272be431d6b5,7d9dd9342f0c,951641870897,d77e89aaa1a1,690bda1ce921,77efec9ca8bb,b7c97b6d9d38
2026-02-06T05:21:26.533Z [DEBUG] [Lingo.dev] Reloaded metadata: 41 entries
2026-02-06T05:21:26.541Z [INFO] [Lingo.dev] 🔄 Translating 39 hashes to ar
2026-02-06T05:21:26.559Z [DEBUG] [Lingo.dev] 🔄 Hashes: f475d3f6f347, 15a2d8f86c4a, 36a2d53782fa, 94dbf261e91f, 24a60f6efeec, 0db347c45380, 20eace1a9826, b15ae310ecb9, f6659e43d8bb, 4a7ff3f1ac6e, 83215d5b8d11, 66220b5f171e, 7ea5836ada85, 4e5898b6fabd, 5713b1e6e3d7, 29346019e73a, 028685c5bd59, 44a0ba2360f9, dc43570a85a8, b3cd3234ab80, ad10e3ad4961, e97808d11a29, f09f19de12e7, 9ad22c73eb94, 548df29c5799, 2d95720c6cb9, d663492f29dd, 47e3bef2a799, 960bf5c57742, a12db033fe24, 89ac0bdc4677, 90e1248bc0d4, 272be431d6b5, 7d9dd9342f0c, 951641870897, d77e89aaa1a1, 690bda1ce921, 77efec9ca8bb, b7c97b6d9d38
2026-02-06T05:21:26.562Z [DEBUG] [Lingo.dev] [BUSY] Server is now busy (1 active)
2026-02-06T05:21:26.998Z [DEBUG] [Lingo.dev] [IDLE] Server is now idle
2026-02-06T05:25:04.264Z [INFO] [Lingo.dev] 📥 Received: OPTIONS /translations/en
2026-02-06T05:25:04.294Z [INFO] [Lingo.dev] 🔄 Processing: OPTIONS /translations/en
2026-02-06T05:25:04.360Z [DEBUG] [Lingo.dev] OPTIONS /translations/en
2026-02-06T05:25:04.377Z [INFO] [Lingo.dev] 📥 Received: POST /translations/en
2026-02-06T05:25:04.381Z [INFO] [Lingo.dev] 🔄 Processing: POST /translations/en
2026-02-06T05:25:04.382Z [DEBUG] [Lingo.dev] POST /translations/en
2026-02-06T05:25:04.397Z [DEBUG] [Lingo.dev] Reading request body...
2026-02-06T05:25:04.410Z [DEBUG] [Lingo.dev] Chunk read, body: {"hashes":["f475d3f6f347","15a2d8f86c4a","36a2d53782fa","94dbf261e91f","24a60f6efeec","0db347c45380","20eace1a9826","b15ae310ecb9","f6659e43d8bb","4a7ff3f1ac6e","83215d5b8d11","66220b5f171e","7ea5836ada85","4e5898b6fabd","5713b1e6e3d7","29346019e73a","028685c5bd59","44a0ba2360f9","dc43570a85a8","b3cd3234ab80","ad10e3ad4961","e97808d11a29","f09f19de12e7","9ad22c73eb94","548df29c5799","2d95720c6cb9","d663492f29dd","47e3bef2a799","960bf5c57742","a12db033fe24","89ac0bdc4677","90e1248bc0d4","272be431d6b5","7d9dd9342f0c","951641870897","d77e89aaa1a1","690bda1ce921","77efec9ca8bb","b7c97b6d9d38"]}
2026-02-06T05:25:04.414Z [DEBUG] [Lingo.dev] Parsed hashes: f475d3f6f347,15a2d8f86c4a,36a2d53782fa,94dbf261e91f,24a60f6efeec,0db347c45380,20eace1a9826,b15ae310ecb9,f6659e43d8bb,4a7ff3f1ac6e,83215d5b8d11,66220b5f171e,7ea5836ada85,4e5898b6fabd,5713b1e6e3d7,29346019e73a,028685c5bd59,44a0ba2360f9,dc43570a85a8,b3cd3234ab80,ad10e3ad4961,e97808d11a29,f09f19de12e7,9ad22c73eb94,548df29c5799,2d95720c6cb9,d663492f29dd,47e3bef2a799,960bf5c57742,a12db033fe24,89ac0bdc4677,90e1248bc0d4,272be431d6b5,7d9dd9342f0c,951641870897,d77e89aaa1a1,690bda1ce921,77efec9ca8bb,b7c97b6d9d38
2026-02-06T05:25:04.416Z [DEBUG] [Lingo.dev] Reloaded metadata: 41 entries
2026-02-06T05:25:04.427Z [INFO] [Lingo.dev] 🔄 Translating 39 hashes to en
2026-02-06T05:25:04.431Z [DEBUG] [Lingo.dev] 🔄 Hashes: f475d3f6f347, 15a2d8f86c4a, 36a2d53782fa, 94dbf261e91f, 24a60f6efeec, 0db347c45380, 20eace1a9826, b15ae310ecb9, f6659e43d8bb, 4a7ff3f1ac6e, 83215d5b8d11, 66220b5f171e, 7ea5836ada85, 4e5898b6fabd, 5713b1e6e3d7, 29346019e73a, 028685c5bd59, 44a0ba2360f9, dc43570a85a8, b3cd3234ab80, ad10e3ad4961, e97808d11a29, f09f19de12e7, 9ad22c73eb94, 548df29c5799, 2d95720c6cb9, d663492f29dd, 47e3bef2a799, 960bf5c57742, a12db033fe24, 89ac0bdc4677, 90e1248bc0d4, 272be431d6b5, 7d9dd9342f0c, 951641870897, d77e89aaa1a1, 690bda1ce921, 77efec9ca8bb, b7c97b6d9d38
2026-02-06T05:25:04.438Z [DEBUG] [Lingo.dev] [BUSY] Server is now busy (1 active)
2026-02-06T05:25:04.872Z [DEBUG] [Lingo.dev] [IDLE] Server is now idle
2026-02-06T05:25:48.532Z [INFO] [Lingo.dev] 📥 Received: OPTIONS /translations/en
2026-02-06T05:25:48.825Z [INFO] [Lingo.dev] 🔄 Processing: OPTIONS /translations/en
2026-02-06T05:25:48.883Z [DEBUG] [Lingo.dev] OPTIONS /translations/en
2026-02-06T05:25:48.914Z [INFO] [Lingo.dev] 📥 Received: POST /translations/en
2026-02-06T05:25:49.047Z [INFO] [Lingo.dev] 🔄 Processing: POST /translations/en
2026-02-06T05:25:49.162Z [DEBUG] [Lingo.dev] POST /translations/en
2026-02-06T05:25:49.280Z [DEBUG] [Lingo.dev] Reading request body...
2026-02-06T05:25:49.329Z [DEBUG] [Lingo.dev] Chunk read, body: {"hashes":["d5561219d034"]}
2026-02-06T05:25:49.341Z [DEBUG] [Lingo.dev] Parsed hashes: d5561219d034
2026-02-06T05:25:49.358Z [DEBUG] [Lingo.dev] Reloaded metadata: 42 entries
2026-02-06T05:25:49.367Z [INFO] [Lingo.dev] 🔄 Translating 1 hashes to en
2026-02-06T05:25:49.388Z [DEBUG] [Lingo.dev] 🔄 Hashes: d5561219d034
2026-02-06T05:25:49.407Z [DEBUG] [Lingo.dev] [BUSY] Server is now busy (1 active)
2026-02-06T05:25:49.778Z [DEBUG] [Lingo.dev] [IDLE] Server is now idle
2026-02-06T05:26:59.870Z [DEBUG] [Lingo.dev] WebSocket client disconnected. Total clients: 1
2026-02-06T05:27:36.288Z [INFO] [Lingo.dev] 📥 Received: OPTIONS /translations/en
2026-02-06T05:27:38.101Z [INFO] [Lingo.dev] 🔄 Processing: OPTIONS /translations/en
2026-02-06T05:27:49.468Z [DEBUG] [Lingo.dev] OPTIONS /translations/en
2026-02-06T05:27:49.598Z [INFO] [Lingo.dev] 📥 Received: POST /translations/en
2026-02-06T05:27:49.610Z [INFO] [Lingo.dev] 🔄 Processing: POST /translations/en
2026-02-06T05:27:49.630Z [DEBUG] [Lingo.dev] POST /translations/en
2026-02-06T05:27:49.651Z [DEBUG] [Lingo.dev] Reading request body...
2026-02-06T05:27:49.688Z [DEBUG] [Lingo.dev] Chunk read, body: {"hashes":["6fb72d4ff01e","a0cdb6a99964","9c4b1a128592"]}
2026-02-06T05:27:49.710Z [DEBUG] [Lingo.dev] Parsed hashes: 6fb72d4ff01e,a0cdb6a99964,9c4b1a128592
2026-02-06T05:27:49.727Z [DEBUG] [Lingo.dev] Reloaded metadata: 45 entries
2026-02-06T05:27:49.741Z [INFO] [Lingo.dev] 🔄 Translating 3 hashes to en
2026-02-06T05:27:49.750Z [DEBUG] [Lingo.dev] 🔄 Hashes: 6fb72d4ff01e, a0cdb6a99964, 9c4b1a128592
2026-02-06T05:27:49.761Z [DEBUG] [Lingo.dev] [BUSY] Server is now busy (1 active)
2026-02-06T05:27:50.133Z [DEBUG] [Lingo.dev] [IDLE] Server is now idle
2026-02-06T05:28:39.333Z [INFO] [Lingo.dev] 📥 Received: OPTIONS /translations/en
2026-02-06T05:28:39.365Z [INFO] [Lingo.dev] 🔄 Processing: OPTIONS /translations/en
2026-02-06T05:28:39.382Z [DEBUG] [Lingo.dev] OPTIONS /translations/en
2026-02-06T05:28:39.394Z [INFO] [Lingo.dev] 📥 Received: POST /translations/en
2026-02-06T05:28:39.409Z [INFO] [Lingo.dev] 🔄 Processing: POST /translations/en
2026-02-06T05:28:39.417Z [DEBUG] [Lingo.dev] POST /translations/en
2026-02-06T05:28:39.442Z [DEBUG] [Lingo.dev] Reading request body...
2026-02-06T05:28:39.447Z [DEBUG] [Lingo.dev] Chunk read, body: {"hashes":["d8c829eee1ca"]}
2026-02-06T05:28:39.451Z [DEBUG] [Lingo.dev] Parsed hashes: d8c829eee1ca
2026-02-06T05:28:39.460Z [DEBUG] [Lingo.dev] Reloaded metadata: 46 entries
2026-02-06T05:28:39.464Z [INFO] [Lingo.dev] 🔄 Translating 1 hashes to en
2026-02-06T05:28:39.467Z [DEBUG] [Lingo.dev] 🔄 Hashes: d8c829eee1ca
2026-02-06T05:28:39.474Z [DEBUG] [Lingo.dev] [BUSY] Server is now busy (1 active)
2026-02-06T05:28:39.936Z [DEBUG] [Lingo.dev] [IDLE] Server is now idle
2026-02-06T05:31:04.841Z [INFO] [Lingo.dev] 📥 Received: OPTIONS /translations/hi
2026-02-06T05:31:04.893Z [INFO] [Lingo.dev] 🔄 Processing: OPTIONS /translations/hi
2026-02-06T05:31:04.919Z [DEBUG] [Lingo.dev] OPTIONS /translations/hi
2026-02-06T05:31:05.536Z [INFO] [Lingo.dev] 📥 Received: POST /translations/hi
2026-02-06T05:31:05.553Z [INFO] [Lingo.dev] 🔄 Processing: POST /translations/hi
2026-02-06T05:31:05.557Z [DEBUG] [Lingo.dev] POST /translations/hi
2026-02-06T05:31:05.559Z [DEBUG] [Lingo.dev] Reading request body...
2026-02-06T05:31:05.563Z [DEBUG] [Lingo.dev] Chunk read, body: {"hashes":["f475d3f6f347","15a2d8f86c4a","36a2d53782fa","94dbf261e91f","24a60f6efeec","0db347c45380","20eace1a9826","b15ae310ecb9","f6659e43d8bb","4a7ff3f1ac6e","83215d5b8d11","66220b5f171e","7ea5836ada85","4e5898b6fabd","5713b1e6e3d7","29346019e73a","028685c5bd59","44a0ba2360f9","dc43570a85a8","b3cd3234ab80","ad10e3ad4961","e97808d11a29","f09f19de12e7","9ad22c73eb94","548df29c5799","2d95720c6cb9","d663492f29dd","47e3bef2a799","960bf5c57742","a12db033fe24","89ac0bdc4677","90e1248bc0d4","272be431d6b5","7d9dd9342f0c","951641870897","d77e89aaa1a1","690bda1ce921","77efec9ca8bb","b7c97b6d9d38","d5561219d034","6fb72d4ff01e","a0cdb6a99964","9c4b1a128592","d8c829eee1ca"]}
2026-02-06T05:31:05.566Z [DEBUG] [Lingo.dev] Parsed hashes: f475d3f6f347,15a2d8f86c4a,36a2d53782fa,94dbf261e91f,24a60f6efeec,0db347c45380,20eace1a9826,b15ae310ecb9,f6659e43d8bb,4a7ff3f1ac6e,83215d5b8d11,66220b5f171e,7ea5836ada85,4e5898b6fabd,5713b1e6e3d7,29346019e73a,028685c5bd59,44a0ba2360f9,dc43570a85a8,b3cd3234ab80,ad10e3ad4961,e97808d11a29,f09f19de12e7,9ad22c73eb94,548df29c5799,2d95720c6cb9,d663492f29dd,47e3bef2a799,960bf5c57742,a12db033fe24,89ac0bdc4677,90e1248bc0d4,272be431d6b5,7d9dd9342f0c,951641870897,d77e89aaa1a1,690bda1ce921,77efec9ca8bb,b7c97b6d9d38,d5561219d034,6fb72d4ff01e,a0cdb6a99964,9c4b1a128592,d8c829eee1ca
2026-02-06T05:31:05.569Z [DEBUG] [Lingo.dev] Reloaded metadata: 46 entries
2026-02-06T05:31:05.572Z [INFO] [Lingo.dev] 🔄 Translating 44 hashes to hi
2026-02-06T05:31:05.575Z [DEBUG] [Lingo.dev] 🔄 Hashes: f475d3f6f347, 15a2d8f86c4a, 36a2d53782fa, 94dbf261e91f, 24a60f6efeec, 0db347c45380, 20eace1a9826, b15ae310ecb9, f6659e43d8bb, 4a7ff3f1ac6e, 83215d5b8d11, 66220b5f171e, 7ea5836ada85, 4e5898b6fabd, 5713b1e6e3d7, 29346019e73a, 028685c5bd59, 44a0ba2360f9, dc43570a85a8, b3cd3234ab80, ad10e3ad4961, e97808d11a29, f09f19de12e7, 9ad22c73eb94, 548df29c5799, 2d95720c6cb9, d663492f29dd, 47e3bef2a799, 960bf5c57742, a12db033fe24, 89ac0bdc4677, 90e1248bc0d4, 272be431d6b5, 7d9dd9342f0c, 951641870897, d77e89aaa1a1, 690bda1ce921, 77efec9ca8bb, b7c97b6d9d38, d5561219d034, 6fb72d4ff01e, a0cdb6a99964, 9c4b1a128592, d8c829eee1ca
2026-02-06T05:31:05.580Z [DEBUG] [Lingo.dev] [BUSY] Server is now busy (1 active)
2026-02-06T05:31:13.599Z [INFO] [Lingo.dev] 📥 Received: OPTIONS /translations/hi
2026-02-06T05:31:13.610Z [INFO] [Lingo.dev] 🔄 Processing: OPTIONS /translations/hi
2026-02-06T05:31:13.617Z [DEBUG] [Lingo.dev] OPTIONS /translations/hi
2026-02-06T05:31:13.633Z [INFO] [Lingo.dev] 📥 Received: POST /translations/hi
2026-02-06T05:31:13.642Z [INFO] [Lingo.dev] 🔄 Processing: POST /translations/hi
2026-02-06T05:31:13.647Z [DEBUG] [Lingo.dev] POST /translations/hi
2026-02-06T05:31:13.649Z [DEBUG] [Lingo.dev] Reading request body...
2026-02-06T05:31:13.662Z [DEBUG] [Lingo.dev] Chunk read, body: {"hashes":["Target","Chicago,IL","John Doe","PS 5 pro","Nintendo Switch Oled"]}
2026-02-06T05:31:13.664Z [DEBUG] [Lingo.dev] Parsed hashes: Target,Chicago,IL,John Doe,PS 5 pro,Nintendo Switch Oled
2026-02-06T05:31:13.666Z [DEBUG] [Lingo.dev] Reloaded metadata: 46 entries
2026-02-06T05:31:13.668Z [INFO] [Lingo.dev] 🔄 Translating 5 hashes to hi
2026-02-06T05:31:13.671Z [DEBUG] [Lingo.dev] 🔄 Hashes: Target, Chicago,IL, John Doe, PS 5 pro, Nintendo Switch Oled
2026-02-06T05:31:14.134Z [DEBUG] [Lingo.dev] [IDLE] Server is now idle
2026-02-06T05:31:16.487Z [INFO] [Lingo.dev] 📥 Received: POST /translations/hi
2026-02-06T05:31:16.490Z [INFO] [Lingo.dev] 🔄 Processing: POST /translations/hi
2026-02-06T05:31:16.493Z [DEBUG] [Lingo.dev] POST /translations/hi
2026-02-06T05:31:16.497Z [DEBUG] [Lingo.dev] Reading request body...
2026-02-06T05:31:16.498Z [DEBUG] [Lingo.dev] Chunk read, body: {"hashes":["Target","Chicago,IL","John Doe","PS 5 pro","Nintendo Switch Oled"]}
2026-02-06T05:31:16.501Z [DEBUG] [Lingo.dev] Parsed hashes: Target,Chicago,IL,John Doe,PS 5 pro,Nintendo Switch Oled
2026-02-06T05:31:16.503Z [DEBUG] [Lingo.dev] Reloaded metadata: 46 entries
2026-02-06T05:31:16.506Z [INFO] [Lingo.dev] 🔄 Translating 5 hashes to hi
2026-02-06T05:31:16.513Z [DEBUG] [Lingo.dev] 🔄 Hashes: Target, Chicago,IL, John Doe, PS 5 pro, Nintendo Switch Oled
2026-02-06T05:31:16.522Z [DEBUG] [Lingo.dev] [BUSY] Server is now busy (1 active)
2026-02-06T05:31:16.997Z [DEBUG] [Lingo.dev] [IDLE] Server is now idle
2026-02-06T05:31:19.438Z [INFO] [Lingo.dev] 📥 Received: OPTIONS /translations/hi
2026-02-06T05:31:19.441Z [INFO] [Lingo.dev] 🔄 Processing: OPTIONS /translations/hi
2026-02-06T05:31:19.446Z [DEBUG] [Lingo.dev] OPTIONS /translations/hi
2026-02-06T05:31:19.464Z [INFO] [Lingo.dev] 📥 Received: POST /translations/hi
2026-02-06T05:31:19.476Z [INFO] [Lingo.dev] 🔄 Processing: POST /translations/hi
2026-02-06T05:31:19.479Z [DEBUG] [Lingo.dev] POST /translations/hi
2026-02-06T05:31:19.480Z [DEBUG] [Lingo.dev] Reading request body...
2026-02-06T05:31:19.484Z [DEBUG] [Lingo.dev] Chunk read, body: {"hashes":["Target","Chicago,IL","John Doe","PS 5 pro","Nintendo Switch Oled"]}
2026-02-06T05:31:19.486Z [DEBUG] [Lingo.dev] Parsed hashes: Target,Chicago,IL,John Doe,PS 5 pro,Nintendo Switch Oled
2026-02-06T05:31:19.488Z [DEBUG] [Lingo.dev] Reloaded metadata: 46 entries
2026-02-06T05:31:19.491Z [INFO] [Lingo.dev] 🔄 Translating 5 hashes to hi
2026-02-06T05:31:19.492Z [DEBUG] [Lingo.dev] 🔄 Hashes: Target, Chicago,IL, John Doe, PS 5 pro, Nintendo Switch Oled
2026-02-06T05:31:19.494Z [DEBUG] [Lingo.dev] [BUSY] Server is now busy (1 active)
2026-02-06T05:31:19.962Z [DEBUG] [Lingo.dev] [IDLE] Server is now idle
2026-02-06T05:31:20.536Z [INFO] [Lingo.dev] 📥 Received: POST /translations/hi
2026-02-06T05:31:20.538Z [INFO] [Lingo.dev] 🔄 Processing: POST /translations/hi
2026-02-06T05:31:20.542Z [DEBUG] [Lingo.dev] POST /translations/hi
2026-02-06T05:31:20.547Z [DEBUG] [Lingo.dev] Reading request body...
2026-02-06T05:31:20.549Z [DEBUG] [Lingo.dev] Chunk read, body: {"hashes":["Target","Chicago,IL","John Doe","PS 5 pro","Nintendo Switch Oled"]}
2026-02-06T05:31:20.552Z [DEBUG] [Lingo.dev] Parsed hashes: Target,Chicago,IL,John Doe,PS 5 pro,Nintendo Switch Oled
2026-02-06T05:31:20.560Z [DEBUG] [Lingo.dev] Reloaded metadata: 46 entries
2026-02-06T05:31:20.571Z [INFO] [Lingo.dev] 🔄 Translating 5 hashes to hi
2026-02-06T05:31:20.581Z [DEBUG] [Lingo.dev] 🔄 Hashes: Target, Chicago,IL, John Doe, PS 5 pro, Nintendo Switch Oled
2026-02-06T05:31:20.590Z [DEBUG] [Lingo.dev] [BUSY] Server is now busy (1 active)
2026-02-06T05:31:21.063Z [DEBUG] [Lingo.dev] [IDLE] Server is now idle
2026-02-06T05:31:21.429Z [INFO] [Lingo.dev] 📥 Received: POST /translations/hi
2026-02-06T05:31:21.442Z [INFO] [Lingo.dev] 🔄 Processing: POST /translations/hi
2026-02-06T05:31:21.450Z [DEBUG] [Lingo.dev] POST /translations/hi
2026-02-06T05:31:21.458Z [DEBUG] [Lingo.dev] Reading request body...
2026-02-06T05:31:21.467Z [DEBUG] [Lingo.dev] Chunk read, body: {"hashes":["Target","Chicago,IL","John Doe","PS 5 pro","Nintendo Switch Oled"]}
2026-02-06T05:31:21.469Z [DEBUG] [Lingo.dev] Parsed hashes: Target,Chicago,IL,John Doe,PS 5 pro,Nintendo Switch Oled
2026-02-06T05:31:21.471Z [DEBUG] [Lingo.dev] Reloaded metadata: 46 entries
2026-02-06T05:31:21.534Z [INFO] [Lingo.dev] 🔄 Translating 5 hashes to hi
2026-02-06T05:31:21.549Z [DEBUG] [Lingo.dev] 🔄 Hashes: Target, Chicago,IL, John Doe, PS 5 pro, Nintendo Switch Oled
2026-02-06T05:31:21.568Z [DEBUG] [Lingo.dev] [BUSY] Server is now busy (1 active)
2026-02-06T05:31:21.962Z [DEBUG] [Lingo.dev] [IDLE] Server is now idle
2026-02-06T05:31:33.841Z [INFO] [Lingo.dev] 📥 Received: OPTIONS /translations/en
2026-02-06T05:31:33.890Z [INFO] [Lingo.dev] 🔄 Processing: OPTIONS /translations/en
2026-02-06T05:31:33.914Z [DEBUG] [Lingo.dev] OPTIONS /translations/en
2026-02-06T05:31:33.922Z [INFO] [Lingo.dev] 📥 Received: POST /translations/en
2026-02-06T05:31:33.930Z [INFO] [Lingo.dev] 🔄 Processing: POST /translations/en
2026-02-06T05:31:33.931Z [DEBUG] [Lingo.dev] POST /translations/en
2026-02-06T05:31:33.933Z [DEBUG] [Lingo.dev] Reading request body...
2026-02-06T05:31:33.934Z [DEBUG] [Lingo.dev] Chunk read, body: {"hashes":["f475d3f6f347","15a2d8f86c4a","36a2d53782fa","94dbf261e91f","24a60f6efeec","0db347c45380","20eace1a9826","b15ae310ecb9","f6659e43d8bb","4a7ff3f1ac6e","83215d5b8d11","66220b5f171e","7ea5836ada85","4e5898b6fabd","5713b1e6e3d7","29346019e73a","028685c5bd59","44a0ba2360f9","dc43570a85a8","b3cd3234ab80","ad10e3ad4961","e97808d11a29","f09f19de12e7","9ad22c73eb94","548df29c5799","2d95720c6cb9","d663492f29dd","47e3bef2a799","960bf5c57742","a12db033fe24","89ac0bdc4677","90e1248bc0d4","272be431d6b5","7d9dd9342f0c","951641870897","d77e89aaa1a1","690bda1ce921","77efec9ca8bb","b7c97b6d9d38","d5561219d034","6fb72d4ff01e","a0cdb6a99964","9c4b1a128592","d8c829eee1ca"]}
2026-02-06T05:31:33.936Z [DEBUG] [Lingo.dev] Parsed hashes: f475d3f6f347,15a2d8f86c4a,36a2d53782fa,94dbf261e91f,24a60f6efeec,0db347c45380,20eace1a9826,b15ae310ecb9,f6659e43d8bb,4a7ff3f1ac6e,83215d5b8d11,66220b5f171e,7ea5836ada85,4e5898b6fabd,5713b1e6e3d7,29346019e73a,028685c5bd59,44a0ba2360f9,dc43570a85a8,b3cd3234ab80,ad10e3ad4961,e97808d11a29,f09f19de12e7,9ad22c73eb94,548df29c5799,2d95720c6cb9,d663492f29dd,47e3bef2a799,960bf5c57742,a12db033fe24,89ac0bdc4677,90e1248bc0d4,272be431d6b5,7d9dd9342f0c,951641870897,d77e89aaa1a1,690bda1ce921,77efec9ca8bb,b7c97b6d9d38,d5561219d034,6fb72d4ff01e,a0cdb6a99964,9c4b1a128592,d8c829eee1ca
2026-02-06T05:31:33.938Z [DEBUG] [Lingo.dev] Reloaded metadata: 46 entries
2026-02-06T05:31:33.940Z [INFO] [Lingo.dev] 🔄 Translating 44 hashes to en
2026-02-06T05:31:33.942Z [DEBUG] [Lingo.dev] 🔄 Hashes: f475d3f6f347, 15a2d8f86c4a, 36a2d53782fa, 94dbf261e91f, 24a60f6efeec, 0db347c45380, 20eace1a9826, b15ae310ecb9, f6659e43d8bb, 4a7ff3f1ac6e, 83215d5b8d11, 66220b5f171e, 7ea5836ada85, 4e5898b6fabd, 5713b1e6e3d7, 29346019e73a, 028685c5bd59, 44a0ba2360f9, dc43570a85a8, b3cd3234ab80, ad10e3ad4961, e97808d11a29, f09f19de12e7, 9ad22c73eb94, 548df29c5799, 2d95720c6cb9, d663492f29dd, 47e3bef2a799, 960bf5c57742, a12db033fe24, 89ac0bdc4677, 90e1248bc0d4, 272be431d6b5, 7d9dd9342f0c, 951641870897, d77e89aaa1a1, 690bda1ce921, 77efec9ca8bb, b7c97b6d9d38, d5561219d034, 6fb72d4ff01e, a0cdb6a99964, 9c4b1a128592, d8c829eee1ca
2026-02-06T05:31:33.944Z [DEBUG] [Lingo.dev] [BUSY] Server is now busy (1 active)
2026-02-06T05:31:34.428Z [DEBUG] [Lingo.dev] [IDLE] Server is now idle
2026-02-06T05:31:40.453Z [INFO] [Lingo.dev] 📥 Received: OPTIONS /translations/af
2026-02-06T05:31:40.469Z [INFO] [Lingo.dev] 🔄 Processing: OPTIONS /translations/af
2026-02-06T05:31:40.473Z [DEBUG] [Lingo.dev] OPTIONS /translations/af
2026-02-06T05:31:40.476Z [INFO] [Lingo.dev] 📥 Received: POST /translations/af
2026-02-06T05:31:40.505Z [INFO] [Lingo.dev] 🔄 Processing: POST /translations/af
2026-02-06T05:31:40.509Z [DEBUG] [Lingo.dev] POST /translations/af
2026-02-06T05:31:40.513Z [DEBUG] [Lingo.dev] Reading request body...
2026-02-06T05:31:40.515Z [DEBUG] [Lingo.dev] Chunk read, body: {"hashes":["f475d3f6f347","15a2d8f86c4a","36a2d53782fa","94dbf261e91f","24a60f6efeec","0db347c45380","20eace1a9826","b15ae310ecb9","f6659e43d8bb","4a7ff3f1ac6e","83215d5b8d11","66220b5f171e","7ea5836ada85","4e5898b6fabd","5713b1e6e3d7","29346019e73a","028685c5bd59","44a0ba2360f9","dc43570a85a8","b3cd3234ab80","ad10e3ad4961","e97808d11a29","f09f19de12e7","9ad22c73eb94","548df29c5799","2d95720c6cb9","d663492f29dd","47e3bef2a799","960bf5c57742","a12db033fe24","89ac0bdc4677","90e1248bc0d4","272be431d6b5","7d9dd9342f0c","951641870897","d77e89aaa1a1","690bda1ce921","77efec9ca8bb","b7c97b6d9d38","d5561219d034","6fb72d4ff01e","a0cdb6a99964","9c4b1a128592","d8c829eee1ca"]}
2026-02-06T05:31:40.521Z [DEBUG] [Lingo.dev] Parsed hashes: f475d3f6f347,15a2d8f86c4a,36a2d53782fa,94dbf261e91f,24a60f6efeec,0db347c45380,20eace1a9826,b15ae310ecb9,f6659e43d8bb,4a7ff3f1ac6e,83215d5b8d11,66220b5f171e,7ea5836ada85,4e5898b6fabd,5713b1e6e3d7,29346019e73a,028685c5bd59,44a0ba2360f9,dc43570a85a8,b3cd3234ab80,ad10e3ad4961,e97808d11a29,f09f19de12e7,9ad22c73eb94,548df29c5799,2d95720c6cb9,d663492f29dd,47e3bef2a799,960bf5c57742,a12db033fe24,89ac0bdc4677,90e1248bc0d4,272be431d6b5,7d9dd9342f0c,951641870897,d77e89aaa1a1,690bda1ce921,77efec9ca8bb,b7c97b6d9d38,d5561219d034,6fb72d4ff01e,a0cdb6a99964,9c4b1a128592,d8c829eee1ca
2026-02-06T05:31:40.526Z [DEBUG] [Lingo.dev] Reloaded metadata: 46 entries
2026-02-06T05:31:40.529Z [INFO] [Lingo.dev] 🔄 Translating 44 hashes to af
2026-02-06T05:31:40.531Z [DEBUG] [Lingo.dev] 🔄 Hashes: f475d3f6f347, 15a2d8f86c4a, 36a2d53782fa, 94dbf261e91f, 24a60f6efeec, 0db347c45380, 20eace1a9826, b15ae310ecb9, f6659e43d8bb, 4a7ff3f1ac6e, 83215d5b8d11, 66220b5f171e, 7ea5836ada85, 4e5898b6fabd, 5713b1e6e3d7, 29346019e73a, 028685c5bd59, 44a0ba2360f9, dc43570a85a8, b3cd3234ab80, ad10e3ad4961, e97808d11a29, f09f19de12e7, 9ad22c73eb94, 548df29c5799, 2d95720c6cb9, d663492f29dd, 47e3bef2a799, 960bf5c57742, a12db033fe24, 89ac0bdc4677, 90e1248bc0d4, 272be431d6b5, 7d9dd9342f0c, 951641870897, d77e89aaa1a1, 690bda1ce921, 77efec9ca8bb, b7c97b6d9d38, d5561219d034, 6fb72d4ff01e, a0cdb6a99964, 9c4b1a128592, d8c829eee1ca
2026-02-06T05:31:40.536Z [DEBUG] [Lingo.dev] [BUSY] Server is now busy (1 active)
2026-02-06T05:31:47.076Z [DEBUG] [Lingo.dev] [IDLE] Server is now idle
2026-02-06T05:31:58.617Z [INFO] [Lingo.dev] 📥 Received: OPTIONS /translations/en
2026-02-06T05:31:58.627Z [INFO] [Lingo.dev] 🔄 Processing: OPTIONS /translations/en
2026-02-06T05:31:58.638Z [DEBUG] [Lingo.dev] OPTIONS /translations/en
2026-02-06T05:31:58.658Z [INFO] [Lingo.dev] 📥 Received: POST /translations/en
2026-02-06T05:31:58.667Z [INFO] [Lingo.dev] 🔄 Processing: POST /translations/en
2026-02-06T05:31:58.684Z [DEBUG] [Lingo.dev] POST /translations/en
2026-02-06T05:31:58.691Z [DEBUG] [Lingo.dev] Reading request body...
2026-02-06T05:31:58.700Z [DEBUG] [Lingo.dev] Chunk read, body: {"hashes":["f475d3f6f347","15a2d8f86c4a","36a2d53782fa","94dbf261e91f","24a60f6efeec","0db347c45380","20eace1a9826","b15ae310ecb9","f6659e43d8bb","4a7ff3f1ac6e","83215d5b8d11","66220b5f171e","7ea5836ada85","4e5898b6fabd","5713b1e6e3d7","29346019e73a","028685c5bd59","44a0ba2360f9","dc43570a85a8","b3cd3234ab80","ad10e3ad4961","e97808d11a29","f09f19de12e7","9ad22c73eb94","548df29c5799","2d95720c6cb9","d663492f29dd","47e3bef2a799","960bf5c57742","a12db033fe24","89ac0bdc4677","90e1248bc0d4","272be431d6b5","7d9dd9342f0c","951641870897","d77e89aaa1a1","690bda1ce921","77efec9ca8bb","b7c97b6d9d38","d5561219d034","6fb72d4ff01e","a0cdb6a99964","9c4b1a128592","d8c829eee1ca"]}
2026-02-06T05:31:58.713Z [DEBUG] [Lingo.dev] Parsed hashes: f475d3f6f347,15a2d8f86c4a,36a2d53782fa,94dbf261e91f,24a60f6efeec,0db347c45380,20eace1a9826,b15ae310ecb9,f6659e43d8bb,4a7ff3f1ac6e,83215d5b8d11,66220b5f171e,7ea5836ada85,4e5898b6fabd,5713b1e6e3d7,29346019e73a,028685c5bd59,44a0ba2360f9,dc43570a85a8,b3cd3234ab80,ad10e3ad4961,e97808d11a29,f09f19de12e7,9ad22c73eb94,548df29c5799,2d95720c6cb9,d663492f29dd,47e3bef2a799,960bf5c57742,a12db033fe24,89ac0bdc4677,90e1248bc0d4,272be431d6b5,7d9dd9342f0c,951641870897,d77e89aaa1a1,690bda1ce921,77efec9ca8bb,b7c97b6d9d38,d5561219d034,6fb72d4ff01e,a0cdb6a99964,9c4b1a128592,d8c829eee1ca
2026-02-06T05:31:58.725Z [DEBUG] [Lingo.dev] Reloaded metadata: 46 entries
2026-02-06T05:31:58.732Z [INFO] [Lingo.dev] 🔄 Translating 44 hashes to en
2026-02-06T05:31:58.754Z [DEBUG] [Lingo.dev] 🔄 Hashes: f475d3f6f347, 15a2d8f86c4a, 36a2d53782fa, 94dbf261e91f, 24a60f6efeec, 0db347c45380, 20eace1a9826, b15ae310ecb9, f6659e43d8bb, 4a7ff3f1ac6e, 83215d5b8d11, 66220b5f171e, 7ea5836ada85, 4e5898b6fabd, 5713b1e6e3d7, 29346019e73a, 028685c5bd59, 44a0ba2360f9, dc43570a85a8, b3cd3234ab80, ad10e3ad4961, e97808d11a29, f09f19de12e7, 9ad22c73eb94, 548df29c5799, 2d95720c6cb9, d663492f29dd, 47e3bef2a799, 960bf5c57742, a12db033fe24, 89ac0bdc4677, 90e1248bc0d4, 272be431d6b5, 7d9dd9342f0c, 951641870897, d77e89aaa1a1, 690bda1ce921, 77efec9ca8bb, b7c97b6d9d38, d5561219d034, 6fb72d4ff01e, a0cdb6a99964, 9c4b1a128592, d8c829eee1ca
2026-02-06T05:31:58.765Z [DEBUG] [Lingo.dev] [BUSY] Server is now busy (1 active)
2026-02-06T05:31:59.165Z [DEBUG] [Lingo.dev] [IDLE] Server is now idle
2026-02-06T05:32:09.320Z [INFO] [Lingo.dev] 📥 Received: OPTIONS /translations/fr
2026-02-06T05:32:09.338Z [INFO] [Lingo.dev] 🔄 Processing: OPTIONS /translations/fr
2026-02-06T05:32:09.347Z [DEBUG] [Lingo.dev] OPTIONS /translations/fr
2026-02-06T05:32:09.370Z [INFO] [Lingo.dev] 📥 Received: POST /translations/fr
2026-02-06T05:32:09.380Z [INFO] [Lingo.dev] 🔄 Processing: POST /translations/fr
2026-02-06T05:32:09.388Z [DEBUG] [Lingo.dev] POST /translations/fr
2026-02-06T05:32:09.393Z [DEBUG] [Lingo.dev] Reading request body...
2026-02-06T05:32:09.396Z [DEBUG] [Lingo.dev] Chunk read, body: {"hashes":["f475d3f6f347","15a2d8f86c4a","36a2d53782fa","94dbf261e91f","24a60f6efeec","0db347c45380","20eace1a9826","b15ae310ecb9","f6659e43d8bb","4a7ff3f1ac6e","83215d5b8d11","66220b5f171e","7ea5836ada85","4e5898b6fabd","5713b1e6e3d7","29346019e73a","028685c5bd59","44a0ba2360f9","dc43570a85a8","b3cd3234ab80","ad10e3ad4961","e97808d11a29","f09f19de12e7","9ad22c73eb94","548df29c5799","2d95720c6cb9","d663492f29dd","47e3bef2a799","960bf5c57742","a12db033fe24","89ac0bdc4677","90e1248bc0d4","272be431d6b5","7d9dd9342f0c","951641870897","d77e89aaa1a1","690bda1ce921","77efec9ca8bb","b7c97b6d9d38","d5561219d034","6fb72d4ff01e","a0cdb6a99964","9c4b1a128592","d8c829eee1ca"]}
2026-02-06T05:32:09.397Z [DEBUG] [Lingo.dev] Parsed hashes: f475d3f6f347,15a2d8f86c4a,36a2d53782fa,94dbf261e91f,24a60f6efeec,0db347c45380,20eace1a9826,b15ae310ecb9,f6659e43d8bb,4a7ff3f1ac6e,83215d5b8d11,66220b5f171e,7ea5836ada85,4e5898b6fabd,5713b1e6e3d7,29346019e73a,028685c5bd59,44a0ba2360f9,dc43570a85a8,b3cd3234ab80,ad10e3ad4961,e97808d11a29,f09f19de12e7,9ad22c73eb94,548df29c5799,2d95720c6cb9,d663492f29dd,47e3bef2a799,960bf5c57742,a12db033fe24,89ac0bdc4677,90e1248bc0d4,272be431d6b5,7d9dd9342f0c,951641870897,d77e89aaa1a1,690bda1ce921,77efec9ca8bb,b7c97b6d9d38,d5561219d034,6fb72d4ff01e,a0cdb6a99964,9c4b1a128592,d8c829eee1ca
2026-02-06T05:32:09.401Z [DEBUG] [Lingo.dev] Reloaded metadata: 46 entries
2026-02-06T05:32:09.416Z [INFO] [Lingo.dev] 🔄 Translating 44 hashes to fr
2026-02-06T05:32:09.419Z [DEBUG] [Lingo.dev] 🔄 Hashes: f475d3f6f347, 15a2d8f86c4a, 36a2d53782fa, 94dbf261e91f, 24a60f6efeec, 0db347c45380, 20eace1a9826, b15ae310ecb9, f6659e43d8bb, 4a7ff3f1ac6e, 83215d5b8d11, 66220b5f171e, 7ea5836ada85, 4e5898b6fabd, 5713b1e6e3d7, 29346019e73a, 028685c5bd59, 44a0ba2360f9, dc43570a85a8, b3cd3234ab80, ad10e3ad4961, e97808d11a29, f09f19de12e7, 9ad22c73eb94, 548df29c5799, 2d95720c6cb9, d663492f29dd, 47e3bef2a799, 960bf5c57742, a12db033fe24, 89ac0bdc4677, 90e1248bc0d4, 272be431d6b5, 7d9dd9342f0c, 951641870897, d77e89aaa1a1, 690bda1ce921, 77efec9ca8bb, b7c97b6d9d38, d5561219d034, 6fb72d4ff01e, a0cdb6a99964, 9c4b1a128592, d8c829eee1ca
2026-02-06T05:32:09.422Z [DEBUG] [Lingo.dev] [BUSY] Server is now busy (1 active)
2026-02-06T05:32:18.776Z [DEBUG] [Lingo.dev] [IDLE] Server is now idle
2026-02-06T05:32:55.583Z [INFO] [Lingo.dev] 📥 Received: OPTIONS /translations/en
2026-02-06T05:32:55.594Z [INFO] [Lingo.dev] 🔄 Processing: OPTIONS /translations/en
2026-02-06T05:32:55.598Z [DEBUG] [Lingo.dev] OPTIONS /translations/en
2026-02-06T05:32:55.602Z [INFO] [Lingo.dev] 📥 Received: POST /translations/en
2026-02-06T05:32:55.618Z [INFO] [Lingo.dev] 🔄 Processing: POST /translations/en
2026-02-06T05:32:55.620Z [DEBUG] [Lingo.dev] POST /translations/en
2026-02-06T05:32:55.623Z [DEBUG] [Lingo.dev] Reading request body...
2026-02-06T05:32:55.626Z [DEBUG] [Lingo.dev] Chunk read, body: {"hashes":["f475d3f6f347","15a2d8f86c4a","36a2d53782fa","94dbf261e91f","24a60f6efeec","0db347c45380","20eace1a9826","b15ae310ecb9","f6659e43d8bb","4a7ff3f1ac6e","83215d5b8d11","66220b5f171e","7ea5836ada85","4e5898b6fabd","5713b1e6e3d7","29346019e73a","028685c5bd59","44a0ba2360f9","dc43570a85a8","b3cd3234ab80","ad10e3ad4961","e97808d11a29","f09f19de12e7","9ad22c73eb94","548df29c5799","2d95720c6cb9","d663492f29dd","47e3bef2a799","960bf5c57742","a12db033fe24","89ac0bdc4677","90e1248bc0d4","272be431d6b5","7d9dd9342f0c","951641870897","d77e89aaa1a1","690bda1ce921","77efec9ca8bb","b7c97b6d9d38","d5561219d034","6fb72d4ff01e","a0cdb6a99964","9c4b1a128592","d8c829eee1ca"]}
2026-02-06T05:32:55.627Z [DEBUG] [Lingo.dev] Parsed hashes: f475d3f6f347,15a2d8f86c4a,36a2d53782fa,94dbf261e91f,24a60f6efeec,0db347c45380,20eace1a9826,b15ae310ecb9,f6659e43d8bb,4a7ff3f1ac6e,83215d5b8d11,66220b5f171e,7ea5836ada85,4e5898b6fabd,5713b1e6e3d7,29346019e73a,028685c5bd59,44a0ba2360f9,dc43570a85a8,b3cd3234ab80,ad10e3ad4961,e97808d11a29,f09f19de12e7,9ad22c73eb94,548df29c5799,2d95720c6cb9,d663492f29dd,47e3bef2a799,960bf5c57742,a12db033fe24,89ac0bdc4677,90e1248bc0d4,272be431d6b5,7d9dd9342f0c,951641870897,d77e89aaa1a1,690bda1ce921,77efec9ca8bb,b7c97b6d9d38,d5561219d034,6fb72d4ff01e,a0cdb6a99964,9c4b1a128592,d8c829eee1ca
2026-02-06T05:32:55.629Z [DEBUG] [Lingo.dev] Reloaded metadata: 46 entries
2026-02-06T05:32:55.631Z [INFO] [Lingo.dev] 🔄 Translating 44 hashes to en
2026-02-06T05:32:55.635Z [DEBUG] [Lingo.dev] 🔄 Hashes: f475d3f6f347, 15a2d8f86c4a, 36a2d53782fa, 94dbf261e91f, 24a60f6efeec, 0db347c45380, 20eace1a9826, b15ae310ecb9, f6659e43d8bb, 4a7ff3f1ac6e, 83215d5b8d11, 66220b5f171e, 7ea5836ada85, 4e5898b6fabd, 5713b1e6e3d7, 29346019e73a, 028685c5bd59, 44a0ba2360f9, dc43570a85a8, b3cd3234ab80, ad10e3ad4961, e97808d11a29, f09f19de12e7, 9ad22c73eb94, 548df29c5799, 2d95720c6cb9, d663492f29dd, 47e3bef2a799, 960bf5c57742, a12db033fe24, 89ac0bdc4677, 90e1248bc0d4, 272be431d6b5, 7d9dd9342f0c, 951641870897, d77e89aaa1a1, 690bda1ce921, 77efec9ca8bb, b7c97b6d9d38, d5561219d034, 6fb72d4ff01e, a0cdb6a99964, 9c4b1a128592, d8c829eee1ca
2026-02-06T05:32:55.642Z [DEBUG] [Lingo.dev] [BUSY] Server is now busy (1 active)
2026-02-06T05:32:56.110Z [DEBUG] [Lingo.dev] [IDLE] Server is now idle
2026-02-06T05:35:59.487Z [DEBUG] [Lingo.dev] WebSocket client disconnected. Total clients: 0
2026-02-06T06:03:31.507Z [DEBUG] [Lingo.dev] WebSocket client connected. Total clients: 1
2026-02-06T06:10:01.979Z [DEBUG] [Lingo.dev] WebSocket client disconnected. Total clients: 0
2026-02-06T11:34:27.405Z [DEBUG] [Lingo.dev] WebSocket client connected. Total clients: 1
2026-02-06T11:41:23.205Z [INFO] [Lingo.dev] 📥 Received: POST /translations/en
2026-02-06T11:41:23.409Z [INFO] [Lingo.dev] 🔄 Processing: POST /translations/en
2026-02-06T11:41:23.492Z [DEBUG] [Lingo.dev] POST /translations/en
2026-02-06T11:41:23.541Z [DEBUG] [Lingo.dev] Reading request body...
2026-02-06T11:41:23.596Z [DEBUG] [Lingo.dev] Chunk read, body: {"hashes":["75e6dc12a549","c74947733e7c"]}
2026-02-06T11:41:23.615Z [DEBUG] [Lingo.dev] Parsed hashes: 75e6dc12a549,c74947733e7c
2026-02-06T11:41:23.671Z [DEBUG] [Lingo.dev] Reloaded metadata: 46 entries
2026-02-06T11:41:23.703Z [INFO] [Lingo.dev] 🔄 Translating 2 hashes to en
2026-02-06T11:41:23.726Z [DEBUG] [Lingo.dev] 🔄 Hashes: 75e6dc12a549, c74947733e7c
2026-02-06T11:41:23.767Z [DEBUG] [Lingo.dev] [BUSY] Server is now busy (1 active)
2026-02-06T11:41:23.804Z [DEBUG] [Lingo.dev] WebSocket client disconnected. Total clients: 0
2026-02-06T11:41:24.003Z [DEBUG] [Lingo.dev] [IDLE] Server is now idle
2026-02-06T11:41:24.656Z [INFO] [Lingo.dev] 📥 Received: OPTIONS /translations/en
2026-02-06T11:41:24.657Z [INFO] [Lingo.dev] 🔄 Processing: OPTIONS /translations/en
2026-02-06T11:41:24.661Z [DEBUG] [Lingo.dev] OPTIONS /translations/en
2026-02-06T11:41:24.665Z [INFO] [Lingo.dev] 📥 Received: POST /translations/en
2026-02-06T11:41:24.668Z [INFO] [Lingo.dev] 🔄 Processing: POST /translations/en
2026-02-06T11:41:24.671Z [DEBUG] [Lingo.dev] POST /translations/en
2026-02-06T11:41:24.673Z [DEBUG] [Lingo.dev] Reading request body...
2026-02-06T11:41:24.675Z [DEBUG] [Lingo.dev] Chunk read, body: {"hashes":["f475d3f6f347","15a2d8f86c4a","36a2d53782fa","94dbf261e91f","d8c829eee1ca","24a60f6efeec","0db347c45380","20eace1a9826","b15ae310ecb9","f6659e43d8bb","4a7ff3f1ac6e","83215d5b8d11","66220b5f171e","7ea5836ada85","4e5898b6fabd","5713b1e6e3d7","29346019e73a","028685c5bd59","44a0ba2360f9","dc43570a85a8","b3cd3234ab80","ad10e3ad4961","e97808d11a29","f09f19de12e7","9ad22c73eb94","d5561219d034","6fb72d4ff01e","a0cdb6a99964","2d95720c6cb9","9c4b1a128592","d663492f29dd","47e3bef2a799","960bf5c57742","a12db033fe24","89ac0bdc4677","90e1248bc0d4","272be431d6b5","7d9dd9342f0c","951641870897","d77e89aaa1a1","690bda1ce921","77efec9ca8bb","b7c97b6d9d38"]}
2026-02-06T11:41:24.677Z [DEBUG] [Lingo.dev] Parsed hashes: f475d3f6f347,15a2d8f86c4a,36a2d53782fa,94dbf261e91f,d8c829eee1ca,24a60f6efeec,0db347c45380,20eace1a9826,b15ae310ecb9,f6659e43d8bb,4a7ff3f1ac6e,83215d5b8d11,66220b5f171e,7ea5836ada85,4e5898b6fabd,5713b1e6e3d7,29346019e73a,028685c5bd59,44a0ba2360f9,dc43570a85a8,b3cd3234ab80,ad10e3ad4961,e97808d11a29,f09f19de12e7,9ad22c73eb94,d5561219d034,6fb72d4ff01e,a0cdb6a99964,2d95720c6cb9,9c4b1a128592,d663492f29dd,47e3bef2a799,960bf5c57742,a12db033fe24,89ac0bdc4677,90e1248bc0d4,272be431d6b5,7d9dd9342f0c,951641870897,d77e89aaa1a1,690bda1ce921,77efec9ca8bb,b7c97b6d9d38
2026-02-06T11:41:24.678Z [DEBUG] [Lingo.dev] Reloaded metadata: 46 entries
2026-02-06T11:41:24.680Z [INFO] [Lingo.dev] 🔄 Translating 43 hashes to en
2026-02-06T11:41:24.681Z [DEBUG] [Lingo.dev] 🔄 Hashes: f475d3f6f347, 15a2d8f86c4a, 36a2d53782fa, 94dbf261e91f, d8c829eee1ca, 24a60f6efeec, 0db347c45380, 20eace1a9826, b15ae310ecb9, f6659e43d8bb, 4a7ff3f1ac6e, 83215d5b8d11, 66220b5f171e, 7ea5836ada85, 4e5898b6fabd, 5713b1e6e3d7, 29346019e73a, 028685c5bd59, 44a0ba2360f9, dc43570a85a8, b3cd3234ab80, ad10e3ad4961, e97808d11a29, f09f19de12e7, 9ad22c73eb94, d5561219d034, 6fb72d4ff01e, a0cdb6a99964, 2d95720c6cb9, 9c4b1a128592, d663492f29dd, 47e3bef2a799, 960bf5c57742, a12db033fe24, 89ac0bdc4677, 90e1248bc0d4, 272be431d6b5, 7d9dd9342f0c, 951641870897, d77e89aaa1a1, 690bda1ce921, 77efec9ca8bb, b7c97b6d9d38
2026-02-06T11:41:24.688Z [DEBUG] [Lingo.dev] [BUSY] Server is now busy (1 active)
2026-02-06T11:41:25.176Z [DEBUG] [Lingo.dev] [IDLE] Server is now idle
2026-02-06T11:48:40.068Z [INFO] [Lingo.dev] 📥 Received: OPTIONS /translations/fr
2026-02-06T11:48:40.105Z [INFO] [Lingo.dev] 🔄 Processing: OPTIONS /translations/fr
2026-02-06T11:48:40.123Z [DEBUG] [Lingo.dev] OPTIONS /translations/fr
2026-02-06T11:48:40.145Z [INFO] [Lingo.dev] 📥 Received: POST /translations/fr
2026-02-06T11:48:40.202Z [INFO] [Lingo.dev] 🔄 Processing: POST /translations/fr
2026-02-06T11:48:40.212Z [DEBUG] [Lingo.dev] POST /translations/fr
2026-02-06T11:48:40.225Z [DEBUG] [Lingo.dev] Reading request body...
2026-02-06T11:48:40.232Z [DEBUG] [Lingo.dev] Chunk read, body: {"hashes":["f475d3f6f347","15a2d8f86c4a","36a2d53782fa","94dbf261e91f","d8c829eee1ca","24a60f6efeec","0db347c45380","20eace1a9826","b15ae310ecb9","f6659e43d8bb","4a7ff3f1ac6e","83215d5b8d11","66220b5f171e","7ea5836ada85","4e5898b6fabd","5713b1e6e3d7","29346019e73a","028685c5bd59","44a0ba2360f9","dc43570a85a8","b3cd3234ab80","ad10e3ad4961","e97808d11a29","f09f19de12e7","9ad22c73eb94","d5561219d034","6fb72d4ff01e","a0cdb6a99964","2d95720c6cb9","9c4b1a128592","d663492f29dd","47e3bef2a799","960bf5c57742","a12db033fe24","89ac0bdc4677","90e1248bc0d4","272be431d6b5","7d9dd9342f0c","951641870897","d77e89aaa1a1","690bda1ce921","77efec9ca8bb","b7c97b6d9d38"]}
2026-02-06T11:48:40.238Z [DEBUG] [Lingo.dev] Parsed hashes: f475d3f6f347,15a2d8f86c4a,36a2d53782fa,94dbf261e91f,d8c829eee1ca,24a60f6efeec,0db347c45380,20eace1a9826,b15ae310ecb9,f6659e43d8bb,4a7ff3f1ac6e,83215d5b8d11,66220b5f171e,7ea5836ada85,4e5898b6fabd,5713b1e6e3d7,29346019e73a,028685c5bd59,44a0ba2360f9,dc43570a85a8,b3cd3234ab80,ad10e3ad4961,e97808d11a29,f09f19de12e7,9ad22c73eb94,d5561219d034,6fb72d4ff01e,a0cdb6a99964,2d95720c6cb9,9c4b1a128592,d663492f29dd,47e3bef2a799,960bf5c57742,a12db033fe24,89ac0bdc4677,90e1248bc0d4,272be431d6b5,7d9dd9342f0c,951641870897,d77e89aaa1a1,690bda1ce921,77efec9ca8bb,b7c97b6d9d38
2026-02-06T11:48:40.240Z [DEBUG] [Lingo.dev] Reloaded metadata: 46 entries
2026-02-06T11:48:40.242Z [INFO] [Lingo.dev] 🔄 Translating 43 hashes to fr
2026-02-06T11:48:40.245Z [DEBUG] [Lingo.dev] 🔄 Hashes: f475d3f6f347, 15a2d8f86c4a, 36a2d53782fa, 94dbf261e91f, d8c829eee1ca, 24a60f6efeec, 0db347c45380, 20eace1a9826, b15ae310ecb9, f6659e43d8bb, 4a7ff3f1ac6e, 83215d5b8d11, 66220b5f171e, 7ea5836ada85, 4e5898b6fabd, 5713b1e6e3d7, 29346019e73a, 028685c5bd59, 44a0ba2360f9, dc43570a85a8, b3cd3234ab80, ad10e3ad4961, e97808d11a29, f09f19de12e7, 9ad22c73eb94, d5561219d034, 6fb72d4ff01e, a0cdb6a99964, 2d95720c6cb9, 9c4b1a128592, d663492f29dd, 47e3bef2a799, 960bf5c57742, a12db033fe24, 89ac0bdc4677, 90e1248bc0d4, 272be431d6b5, 7d9dd9342f0c, 951641870897, d77e89aaa1a1, 690bda1ce921, 77efec9ca8bb, b7c97b6d9d38
2026-02-06T11:48:40.248Z [DEBUG] [Lingo.dev] [BUSY] Server is now busy (1 active)
2026-02-06T11:48:40.652Z [DEBUG] [Lingo.dev] [IDLE] Server is now idle
2026-02-06T11:48:57.809Z [INFO] [Lingo.dev] 📥 Received: OPTIONS /translations/en
2026-02-06T11:48:57.848Z [INFO] [Lingo.dev] 🔄 Processing: OPTIONS /translations/en
2026-02-06T11:48:57.855Z [DEBUG] [Lingo.dev] OPTIONS /translations/en
2026-02-06T11:48:57.859Z [INFO] [Lingo.dev] 📥 Received: POST /translations/en
2026-02-06T11:48:57.863Z [INFO] [Lingo.dev] 🔄 Processing: POST /translations/en
2026-02-06T11:48:57.869Z [DEBUG] [Lingo.dev] POST /translations/en
2026-02-06T11:48:57.877Z [DEBUG] [Lingo.dev] Reading request body...
2026-02-06T11:48:57.885Z [DEBUG] [Lingo.dev] Chunk read, body: {"hashes":["f475d3f6f347","15a2d8f86c4a","36a2d53782fa","94dbf261e91f","d8c829eee1ca","24a60f6efeec","0db347c45380","20eace1a9826","b15ae310ecb9","f6659e43d8bb","4a7ff3f1ac6e","83215d5b8d11","66220b5f171e","7ea5836ada85","4e5898b6fabd","5713b1e6e3d7","29346019e73a","028685c5bd59","44a0ba2360f9","dc43570a85a8","b3cd3234ab80","ad10e3ad4961","e97808d11a29","f09f19de12e7","9ad22c73eb94","d5561219d034","6fb72d4ff01e","a0cdb6a99964","2d95720c6cb9","9c4b1a128592","d663492f29dd","47e3bef2a799","960bf5c57742","a12db033fe24","89ac0bdc4677","90e1248bc0d4","272be431d6b5","7d9dd9342f0c","951641870897","d77e89aaa1a1","690bda1ce921","77efec9ca8bb","b7c97b6d9d38"]}
2026-02-06T11:48:57.894Z [DEBUG] [Lingo.dev] Parsed hashes: f475d3f6f347,15a2d8f86c4a,36a2d53782fa,94dbf261e91f,d8c829eee1ca,24a60f6efeec,0db347c45380,20eace1a9826,b15ae310ecb9,f6659e43d8bb,4a7ff3f1ac6e,83215d5b8d11,66220b5f171e,7ea5836ada85,4e5898b6fabd,5713b1e6e3d7,29346019e73a,028685c5bd59,44a0ba2360f9,dc43570a85a8,b3cd3234ab80,ad10e3ad4961,e97808d11a29,f09f19de12e7,9ad22c73eb94,d5561219d034,6fb72d4ff01e,a0cdb6a99964,2d95720c6cb9,9c4b1a128592,d663492f29dd,47e3bef2a799,960bf5c57742,a12db033fe24,89ac0bdc4677,90e1248bc0d4,272be431d6b5,7d9dd9342f0c,951641870897,d77e89aaa1a1,690bda1ce921,77efec9ca8bb,b7c97b6d9d38
2026-02-06T11:48:57.902Z [DEBUG] [Lingo.dev] Reloaded metadata: 46 entries
2026-02-06T11:48:57.906Z [INFO] [Lingo.dev] 🔄 Translating 43 hashes to en
2026-02-06T11:48:57.909Z [DEBUG] [Lingo.dev] 🔄 Hashes: f475d3f6f347, 15a2d8f86c4a, 36a2d53782fa, 94dbf261e91f, d8c829eee1ca, 24a60f6efeec, 0db347c45380, 20eace1a9826, b15ae310ecb9, f6659e43d8bb, 4a7ff3f1ac6e, 83215d5b8d11, 66220b5f171e, 7ea5836ada85, 4e5898b6fabd, 5713b1e6e3d7, 29346019e73a, 028685c5bd59, 44a0ba2360f9, dc43570a85a8, b3cd3234ab80, ad10e3ad4961, e97808d11a29, f09f19de12e7, 9ad22c73eb94, d5561219d034, 6fb72d4ff01e, a0cdb6a99964, 2d95720c6cb9, 9c4b1a128592, d663492f29dd, 47e3bef2a799, 960bf5c57742, a12db033fe24, 89ac0bdc4677, 90e1248bc0d4, 272be431d6b5, 7d9dd9342f0c, 951641870897, d77e89aaa1a1, 690bda1ce921, 77efec9ca8bb, b7c97b6d9d38
2026-02-06T11:48:57.912Z [DEBUG] [Lingo.dev] [BUSY] Server is now busy (1 active)
2026-02-06T11:48:58.369Z [DEBUG] [Lingo.dev] [IDLE] Server is now idle
2026-02-06T11:51:04.260Z [INFO] [Lingo.dev] 📥 Received: POST /translations/en
2026-02-06T11:51:04.265Z [INFO] [Lingo.dev] 🔄 Processing: POST /translations/en
2026-02-06T11:51:04.271Z [DEBUG] [Lingo.dev] POST /translations/en
2026-02-06T11:51:04.276Z [DEBUG] [Lingo.dev] Reading request body...
2026-02-06T11:51:04.279Z [DEBUG] [Lingo.dev] Chunk read, body: {"hashes":["11b3cb7fbbf2","70adce512d6b"]}
2026-02-06T11:51:04.282Z [DEBUG] [Lingo.dev] Parsed hashes: 11b3cb7fbbf2,70adce512d6b
2026-02-06T11:51:04.298Z [DEBUG] [Lingo.dev] Reloaded metadata: 54 entries
2026-02-06T11:51:04.346Z [INFO] [Lingo.dev] 🔄 Translating 2 hashes to en
2026-02-06T11:51:04.359Z [DEBUG] [Lingo.dev] 🔄 Hashes: 11b3cb7fbbf2, 70adce512d6b
2026-02-06T11:51:04.360Z [DEBUG] [Lingo.dev] [BUSY] Server is now busy (1 active)
2026-02-06T11:51:04.798Z [DEBUG] [Lingo.dev] [IDLE] Server is now idle
2026-02-06T11:51:05.188Z [INFO] [Lingo.dev] 📥 Received: OPTIONS /translations/en
2026-02-06T11:51:05.192Z [INFO] [Lingo.dev] 🔄 Processing: OPTIONS /translations/en
2026-02-06T11:51:05.194Z [DEBUG] [Lingo.dev] OPTIONS /translations/en
2026-02-06T11:51:05.196Z [INFO] [Lingo.dev] 📥 Received: POST /translations/en
2026-02-06T11:51:05.201Z [INFO] [Lingo.dev] 🔄 Processing: POST /translations/en
2026-02-06T11:51:05.203Z [DEBUG] [Lingo.dev] POST /translations/en
2026-02-06T11:51:05.205Z [DEBUG] [Lingo.dev] Reading request body...
2026-02-06T11:51:05.207Z [DEBUG] [Lingo.dev] Chunk read, body: {"hashes":["9ac66c3a79b5","2ce1e7107c05","24365118cf29","f897b4eae2be","ac10581c4246","a5a3144a889a"]}
2026-02-06T11:51:05.208Z [DEBUG] [Lingo.dev] Parsed hashes: 9ac66c3a79b5,2ce1e7107c05,24365118cf29,f897b4eae2be,ac10581c4246,a5a3144a889a
2026-02-06T11:51:05.210Z [DEBUG] [Lingo.dev] Reloaded metadata: 54 entries
2026-02-06T11:51:05.211Z [INFO] [Lingo.dev] 🔄 Translating 6 hashes to en
2026-02-06T11:51:05.212Z [DEBUG] [Lingo.dev] 🔄 Hashes: 9ac66c3a79b5, 2ce1e7107c05, 24365118cf29, f897b4eae2be, ac10581c4246, a5a3144a889a
2026-02-06T11:51:05.214Z [DEBUG] [Lingo.dev] [BUSY] Server is now busy (1 active)
2026-02-06T11:51:05.720Z [DEBUG] [Lingo.dev] [IDLE] Server is now idle
2026-02-06T11:51:37.630Z [INFO] [Lingo.dev] 📥 Received: POST /translations/en
2026-02-06T11:51:37.701Z [INFO] [Lingo.dev] 🔄 Processing: POST /translations/en
2026-02-06T11:51:37.800Z [DEBUG] [Lingo.dev] POST /translations/en
2026-02-06T11:51:37.851Z [DEBUG] [Lingo.dev] Reading request body...
2026-02-06T11:51:37.923Z [DEBUG] [Lingo.dev] Chunk read, body: {"hashes":["11b3cb7fbbf2","70adce512d6b"]}
2026-02-06T11:51:37.961Z [DEBUG] [Lingo.dev] Parsed hashes: 11b3cb7fbbf2,70adce512d6b
2026-02-06T11:51:37.992Z [DEBUG] [Lingo.dev] Reloaded metadata: 60 entries
2026-02-06T11:51:38.009Z [INFO] [Lingo.dev] 🔄 Translating 2 hashes to en
2026-02-06T11:51:38.047Z [DEBUG] [Lingo.dev] 🔄 Hashes: 11b3cb7fbbf2, 70adce512d6b
2026-02-06T11:51:38.065Z [DEBUG] [Lingo.dev] [BUSY] Server is now busy (1 active)
2026-02-06T11:51:38.348Z [DEBUG] [Lingo.dev] [IDLE] Server is now idle
2026-02-06T11:52:38.300Z [INFO] [Lingo.dev] 📥 Received: POST /translations/en
2026-02-06T11:52:38.348Z [INFO] [Lingo.dev] 🔄 Processing: POST /translations/en
2026-02-06T11:52:38.414Z [DEBUG] [Lingo.dev] POST /translations/en
2026-02-06T11:52:38.423Z [DEBUG] [Lingo.dev] Reading request body...
2026-02-06T11:52:38.484Z [DEBUG] [Lingo.dev] Chunk read, body: {"hashes":["11b3cb7fbbf2","70adce512d6b"]}
2026-02-06T11:52:38.504Z [DEBUG] [Lingo.dev] Parsed hashes: 11b3cb7fbbf2,70adce512d6b
2026-02-06T11:52:38.516Z [DEBUG] [Lingo.dev] Reloaded metadata: 69 entries
2026-02-06T11:52:38.539Z [INFO] [Lingo.dev] 🔄 Translating 2 hashes to en
2026-02-06T11:52:38.550Z [DEBUG] [Lingo.dev] 🔄 Hashes: 11b3cb7fbbf2, 70adce512d6b
2026-02-06T11:52:38.564Z [DEBUG] [Lingo.dev] [BUSY] Server is now busy (1 active)
2026-02-06T11:52:38.922Z [DEBUG] [Lingo.dev] [IDLE] Server is now idle
2026-02-06T11:52:56.628Z [INFO] [Lingo.dev] 📥 Received: POST /translations/en
2026-02-06T11:52:56.699Z [INFO] [Lingo.dev] 🔄 Processing: POST /translations/en
2026-02-06T11:52:57.488Z [DEBUG] [Lingo.dev] POST /translations/en
2026-02-06T11:52:57.714Z [DEBUG] [Lingo.dev] Reading request body...
2026-02-06T11:52:57.939Z [DEBUG] [Lingo.dev] Chunk read, body: {"hashes":["11b3cb7fbbf2","70adce512d6b"]}
2026-02-06T11:52:57.990Z [DEBUG] [Lingo.dev] Parsed hashes: 11b3cb7fbbf2,70adce512d6b
2026-02-06T11:52:58.022Z [DEBUG] [Lingo.dev] Reloaded metadata: 69 entries
2026-02-06T11:52:58.389Z [INFO] [Lingo.dev] 🔄 Translating 2 hashes to en
2026-02-06T11:52:58.986Z [DEBUG] [Lingo.dev] 🔄 Hashes: 11b3cb7fbbf2, 70adce512d6b
2026-02-06T11:52:59.024Z [DEBUG] [Lingo.dev] [BUSY] Server is now busy (1 active)
2026-02-06T11:52:59.069Z [DEBUG] [Lingo.dev] [IDLE] Server is now idle
2026-02-06T11:53:41.980Z [INFO] [Lingo.dev] 📥 Received: POST /translations/en
2026-02-06T11:53:42.049Z [INFO] [Lingo.dev] 🔄 Processing: POST /translations/en
2026-02-06T11:53:42.108Z [DEBUG] [Lingo.dev] POST /translations/en
2026-02-06T11:53:42.120Z [DEBUG] [Lingo.dev] Reading request body...
2026-02-06T11:53:42.193Z [DEBUG] [Lingo.dev] Chunk read, body: {"hashes":["11b3cb7fbbf2","70adce512d6b"]}
2026-02-06T11:53:42.224Z [DEBUG] [Lingo.dev] Parsed hashes: 11b3cb7fbbf2,70adce512d6b
2026-02-06T11:53:42.253Z [DEBUG] [Lingo.dev] Reloaded metadata: 69 entries
2026-02-06T11:53:42.295Z [INFO] [Lingo.dev] 🔄 Translating 2 hashes to en
2026-02-06T11:53:42.327Z [DEBUG] [Lingo.dev] 🔄 Hashes: 11b3cb7fbbf2, 70adce512d6b
2026-02-06T11:53:42.379Z [DEBUG] [Lingo.dev] [BUSY] Server is now busy (1 active)
2026-02-06T11:53:42.623Z [DEBUG] [Lingo.dev] [IDLE] Server is now idle
2026-02-06T11:53:45.188Z [INFO] [Lingo.dev] 📥 Received: OPTIONS /translations/en
2026-02-06T11:53:45.192Z [INFO] [Lingo.dev] 🔄 Processing: OPTIONS /translations/en
2026-02-06T11:53:45.195Z [DEBUG] [Lingo.dev] OPTIONS /translations/en
2026-02-06T11:53:45.197Z [INFO] [Lingo.dev] 📥 Received: POST /translations/en
2026-02-06T11:53:45.199Z [INFO] [Lingo.dev] 🔄 Processing: POST /translations/en
2026-02-06T11:53:45.201Z [DEBUG] [Lingo.dev] POST /translations/en
2026-02-06T11:53:45.205Z [DEBUG] [Lingo.dev] Reading request body...
2026-02-06T11:53:45.206Z [DEBUG] [Lingo.dev] Chunk read, body: {"hashes":["f475d3f6f347","9ac66c3a79b5","2ce1e7107c05","24365118cf29","f897b4eae2be","ac10581c4246","a5a3144a889a","94dbf261e91f","363dbc889d9d","24a60f6efeec","0db347c45380","20eace1a9826","b15ae310ecb9","f6659e43d8bb","4a7ff3f1ac6e","83215d5b8d11","f675413e80da","906edc732402","befe6b534fef","cd34c2dd7297","58d70f72ef07","5713b1e6e3d7","29346019e73a","028685c5bd59","44a0ba2360f9","dc43570a85a8","b3cd3234ab80","ad10e3ad4961","e97808d11a29","f09f19de12e7","046027bb8982","9ad22c73eb94","d5561219d034","6fb72d4ff01e","a0cdb6a99964","f535f3f1e4e0","9c4b1a128592","cffe2a0c0102","01a1cbe54d19","b5b5a44199af","5e272a7f9446","89ac0bdc4677","90e1248bc0d4","272be431d6b5","7d9dd9342f0c","951641870897","d77e89aaa1a1","690bda1ce921","77efec9ca8bb","3b99c3ed111d","6e87f7b52314","c15c55632716"]}
2026-02-06T11:53:45.208Z [DEBUG] [Lingo.dev] Parsed hashes: f475d3f6f347,9ac66c3a79b5,2ce1e7107c05,24365118cf29,f897b4eae2be,ac10581c4246,a5a3144a889a,94dbf261e91f,363dbc889d9d,24a60f6efeec,0db347c45380,20eace1a9826,b15ae310ecb9,f6659e43d8bb,4a7ff3f1ac6e,83215d5b8d11,f675413e80da,906edc732402,befe6b534fef,cd34c2dd7297,58d70f72ef07,5713b1e6e3d7,29346019e73a,028685c5bd59,44a0ba2360f9,dc43570a85a8,b3cd3234ab80,ad10e3ad4961,e97808d11a29,f09f19de12e7,046027bb8982,9ad22c73eb94,d5561219d034,6fb72d4ff01e,a0cdb6a99964,f535f3f1e4e0,9c4b1a128592,cffe2a0c0102,01a1cbe54d19,b5b5a44199af,5e272a7f9446,89ac0bdc4677,90e1248bc0d4,272be431d6b5,7d9dd9342f0c,951641870897,d77e89aaa1a1,690bda1ce921,77efec9ca8bb,3b99c3ed111d,6e87f7b52314,c15c55632716
2026-02-06T11:53:45.210Z [DEBUG] [Lingo.dev] Reloaded metadata: 69 entries
2026-02-06T11:53:45.211Z [INFO] [Lingo.dev] 🔄 Translating 52 hashes to en
2026-02-06T11:53:45.212Z [DEBUG] [Lingo.dev] 🔄 Hashes: f475d3f6f347, 9ac66c3a79b5, 2ce1e7107c05, 24365118cf29, f897b4eae2be, ac10581c4246, a5a3144a889a, 94dbf261e91f, 363dbc889d9d, 24a60f6efeec, 0db347c45380, 20eace1a9826, b15ae310ecb9, f6659e43d8bb, 4a7ff3f1ac6e, 83215d5b8d11, f675413e80da, 906edc732402, befe6b534fef, cd34c2dd7297, 58d70f72ef07, 5713b1e6e3d7, 29346019e73a, 028685c5bd59, 44a0ba2360f9, dc43570a85a8, b3cd3234ab80, ad10e3ad4961, e97808d11a29, f09f19de12e7, 046027bb8982, 9ad22c73eb94, d5561219d034, 6fb72d4ff01e, a0cdb6a99964, f535f3f1e4e0, 9c4b1a128592, cffe2a0c0102, 01a1cbe54d19, b5b5a44199af, 5e272a7f9446, 89ac0bdc4677, 90e1248bc0d4, 272be431d6b5, 7d9dd9342f0c, 951641870897, d77e89aaa1a1, 690bda1ce921, 77efec9ca8bb, 3b99c3ed111d, 6e87f7b52314, c15c55632716
2026-02-06T11:53:45.214Z [DEBUG] [Lingo.dev] [BUSY] Server is now busy (1 active)
2026-02-06T11:53:45.706Z [DEBUG] [Lingo.dev] [IDLE] Server is now idle
2026-02-06T11:59:30.012Z [INFO] [Lingo.dev] 📥 Received: OPTIONS /translations/zu
2026-02-06T11:59:30.028Z [INFO] [Lingo.dev] 🔄 Processing: OPTIONS /translations/zu
2026-02-06T11:59:30.034Z [DEBUG] [Lingo.dev] OPTIONS /translations/zu
2026-02-06T11:59:30.213Z [INFO] [Lingo.dev] 📥 Received: POST /translations/zu
2026-02-06T11:59:30.230Z [INFO] [Lingo.dev] 🔄 Processing: POST /translations/zu
2026-02-06T11:59:30.248Z [DEBUG] [Lingo.dev] POST /translations/zu
2026-02-06T11:59:30.251Z [DEBUG] [Lingo.dev] Reading request body...
2026-02-06T11:59:30.260Z [DEBUG] [Lingo.dev] Chunk read, body: {"hashes":["f475d3f6f347","9ac66c3a79b5","2ce1e7107c05","24365118cf29","f897b4eae2be","ac10581c4246","a5a3144a889a","94dbf261e91f","363dbc889d9d","24a60f6efeec","0db347c45380","20eace1a9826","b15ae310ecb9","f6659e43d8bb","4a7ff3f1ac6e","83215d5b8d11","f675413e80da","906edc732402","befe6b534fef","cd34c2dd7297","58d70f72ef07","5713b1e6e3d7","29346019e73a","028685c5bd59","44a0ba2360f9","dc43570a85a8","b3cd3234ab80","ad10e3ad4961","e97808d11a29","f09f19de12e7","046027bb8982","9ad22c73eb94","d5561219d034","6fb72d4ff01e","a0cdb6a99964","f535f3f1e4e0","9c4b1a128592","cffe2a0c0102","01a1cbe54d19","b5b5a44199af","5e272a7f9446","89ac0bdc4677","90e1248bc0d4","272be431d6b5","7d9dd9342f0c","951641870897","d77e89aaa1a1","690bda1ce921","77efec9ca8bb","3b99c3ed111d","6e87f7b52314","c15c55632716"]}
2026-02-06T11:59:30.265Z [DEBUG] [Lingo.dev] Parsed hashes: f475d3f6f347,9ac66c3a79b5,2ce1e7107c05,24365118cf29,f897b4eae2be,ac10581c4246,a5a3144a889a,94dbf261e91f,363dbc889d9d,24a60f6efeec,0db347c45380,20eace1a9826,b15ae310ecb9,f6659e43d8bb,4a7ff3f1ac6e,83215d5b8d11,f675413e80da,906edc732402,befe6b534fef,cd34c2dd7297,58d70f72ef07,5713b1e6e3d7,29346019e73a,028685c5bd59,44a0ba2360f9,dc43570a85a8,b3cd3234ab80,ad10e3ad4961,e97808d11a29,f09f19de12e7,046027bb8982,9ad22c73eb94,d5561219d034,6fb72d4ff01e,a0cdb6a99964,f535f3f1e4e0,9c4b1a128592,cffe2a0c0102,01a1cbe54d19,b5b5a44199af,5e272a7f9446,89ac0bdc4677,90e1248bc0d4,272be431d6b5,7d9dd9342f0c,951641870897,d77e89aaa1a1,690bda1ce921,77efec9ca8bb,3b99c3ed111d,6e87f7b52314,c15c55632716
2026-02-06T11:59:30.267Z [DEBUG] [Lingo.dev] Reloaded metadata: 69 entries
2026-02-06T11:59:30.268Z [INFO] [Lingo.dev] 🔄 Translating 52 hashes to zu
2026-02-06T11:59:30.272Z [DEBUG] [Lingo.dev] 🔄 Hashes: f475d3f6f347, 9ac66c3a79b5, 2ce1e7107c05, 24365118cf29, f897b4eae2be, ac10581c4246, a5a3144a889a, 94dbf261e91f, 363dbc889d9d, 24a60f6efeec, 0db347c45380, 20eace1a9826, b15ae310ecb9, f6659e43d8bb, 4a7ff3f1ac6e, 83215d5b8d11, f675413e80da, 906edc732402, befe6b534fef, cd34c2dd7297, 58d70f72ef07, 5713b1e6e3d7, 29346019e73a, 028685c5bd59, 44a0ba2360f9, dc43570a85a8, b3cd3234ab80, ad10e3ad4961, e97808d11a29, f09f19de12e7, 046027bb8982, 9ad22c73eb94, d5561219d034, 6fb72d4ff01e, a0cdb6a99964, f535f3f1e4e0, 9c4b1a128592, cffe2a0c0102, 01a1cbe54d19, b5b5a44199af, 5e272a7f9446, 89ac0bdc4677, 90e1248bc0d4, 272be431d6b5, 7d9dd9342f0c, 951641870897, d77e89aaa1a1, 690bda1ce921, 77efec9ca8bb, 3b99c3ed111d, 6e87f7b52314, c15c55632716
2026-02-06T11:59:30.276Z [DEBUG] [Lingo.dev] [BUSY] Server is now busy (1 active)
2026-02-06T11:59:41.398Z [DEBUG] [Lingo.dev] [IDLE] Server is now idle
2026-02-06T12:00:04.121Z [INFO] [Lingo.dev] 📥 Received: OPTIONS /translations/ar
2026-02-06T12:00:04.132Z [INFO] [Lingo.dev] 🔄 Processing: OPTIONS /translations/ar
2026-02-06T12:00:04.137Z [DEBUG] [Lingo.dev] OPTIONS /translations/ar
2026-02-06T12:00:04.148Z [INFO] [Lingo.dev] 📥 Received: POST /translations/ar
2026-02-06T12:00:04.151Z [INFO] [Lingo.dev] 🔄 Processing: POST /translations/ar
2026-02-06T12:00:04.154Z [DEBUG] [Lingo.dev] POST /translations/ar
2026-02-06T12:00:04.161Z [DEBUG] [Lingo.dev] Reading request body...
2026-02-06T12:00:04.231Z [DEBUG] [Lingo.dev] Chunk read, body: {"hashes":["f475d3f6f347","94dbf261e91f","24a60f6efeec","0db347c45380","20eace1a9826","b15ae310ecb9","f6659e43d8bb","4a7ff3f1ac6e","83215d5b8d11","5713b1e6e3d7","29346019e73a","028685c5bd59","44a0ba2360f9","dc43570a85a8","b3cd3234ab80","ad10e3ad4961","e97808d11a29","f09f19de12e7","9ad22c73eb94","89ac0bdc4677","90e1248bc0d4","272be431d6b5","7d9dd9342f0c","951641870897","d77e89aaa1a1","690bda1ce921","77efec9ca8bb"]}
2026-02-06T12:00:04.234Z [DEBUG] [Lingo.dev] Parsed hashes: f475d3f6f347,94dbf261e91f,24a60f6efeec,0db347c45380,20eace1a9826,b15ae310ecb9,f6659e43d8bb,4a7ff3f1ac6e,83215d5b8d11,5713b1e6e3d7,29346019e73a,028685c5bd59,44a0ba2360f9,dc43570a85a8,b3cd3234ab80,ad10e3ad4961,e97808d11a29,f09f19de12e7,9ad22c73eb94,89ac0bdc4677,90e1248bc0d4,272be431d6b5,7d9dd9342f0c,951641870897,d77e89aaa1a1,690bda1ce921,77efec9ca8bb
2026-02-06T12:00:04.239Z [DEBUG] [Lingo.dev] Reloaded metadata: 69 entries
2026-02-06T12:00:04.241Z [INFO] [Lingo.dev] 🔄 Translating 27 hashes to ar
2026-02-06T12:00:04.243Z [DEBUG] [Lingo.dev] 🔄 Hashes: f475d3f6f347, 94dbf261e91f, 24a60f6efeec, 0db347c45380, 20eace1a9826, b15ae310ecb9, f6659e43d8bb, 4a7ff3f1ac6e, 83215d5b8d11, 5713b1e6e3d7, 29346019e73a, 028685c5bd59, 44a0ba2360f9, dc43570a85a8, b3cd3234ab80, ad10e3ad4961, e97808d11a29, f09f19de12e7, 9ad22c73eb94, 89ac0bdc4677, 90e1248bc0d4, 272be431d6b5, 7d9dd9342f0c, 951641870897, d77e89aaa1a1, 690bda1ce921, 77efec9ca8bb
2026-02-06T12:00:04.244Z [DEBUG] [Lingo.dev] [BUSY] Server is now busy (1 active)
2026-02-06T12:00:04.649Z [DEBUG] [Lingo.dev] [IDLE] Server is now idle
2026-02-06T12:00:17.458Z [INFO] [Lingo.dev] 📥 Received: OPTIONS /translations/fr
2026-02-06T12:00:17.465Z [INFO] [Lingo.dev] 🔄 Processing: OPTIONS /translations/fr
2026-02-06T12:00:17.480Z [DEBUG] [Lingo.dev] OPTIONS /translations/fr
2026-02-06T12:00:17.489Z [INFO] [Lingo.dev] 📥 Received: POST /translations/fr
2026-02-06T12:00:17.494Z [INFO] [Lingo.dev] 🔄 Processing: POST /translations/fr
2026-02-06T12:00:17.497Z [DEBUG] [Lingo.dev] POST /translations/fr
2026-02-06T12:00:17.500Z [DEBUG] [Lingo.dev] Reading request body...
2026-02-06T12:00:17.504Z [DEBUG] [Lingo.dev] Chunk read, body: {"hashes":["f475d3f6f347","94dbf261e91f","24a60f6efeec","0db347c45380","20eace1a9826","b15ae310ecb9","f6659e43d8bb","4a7ff3f1ac6e","83215d5b8d11","5713b1e6e3d7","29346019e73a","028685c5bd59","44a0ba2360f9","dc43570a85a8","b3cd3234ab80","ad10e3ad4961","e97808d11a29","f09f19de12e7","9ad22c73eb94","89ac0bdc4677","90e1248bc0d4","272be431d6b5","7d9dd9342f0c","951641870897","d77e89aaa1a1","690bda1ce921","77efec9ca8bb"]}
2026-02-06T12:00:17.507Z [DEBUG] [Lingo.dev] Parsed hashes: f475d3f6f347,94dbf261e91f,24a60f6efeec,0db347c45380,20eace1a9826,b15ae310ecb9,f6659e43d8bb,4a7ff3f1ac6e,83215d5b8d11,5713b1e6e3d7,29346019e73a,028685c5bd59,44a0ba2360f9,dc43570a85a8,b3cd3234ab80,ad10e3ad4961,e97808d11a29,f09f19de12e7,9ad22c73eb94,89ac0bdc4677,90e1248bc0d4,272be431d6b5,7d9dd9342f0c,951641870897,d77e89aaa1a1,690bda1ce921,77efec9ca8bb
2026-02-06T12:00:17.530Z [DEBUG] [Lingo.dev] Reloaded metadata: 69 entries
2026-02-06T12:00:17.539Z [INFO] [Lingo.dev] 🔄 Translating 27 hashes to fr
2026-02-06T12:00:17.542Z [DEBUG] [Lingo.dev] 🔄 Hashes: f475d3f6f347, 94dbf261e91f, 24a60f6efeec, 0db347c45380, 20eace1a9826, b15ae310ecb9, f6659e43d8bb, 4a7ff3f1ac6e, 83215d5b8d11, 5713b1e6e3d7, 29346019e73a, 028685c5bd59, 44a0ba2360f9, dc43570a85a8, b3cd3234ab80, ad10e3ad4961, e97808d11a29, f09f19de12e7, 9ad22c73eb94, 89ac0bdc4677, 90e1248bc0d4, 272be431d6b5, 7d9dd9342f0c, 951641870897, d77e89aaa1a1, 690bda1ce921, 77efec9ca8bb
2026-02-06T12:00:17.546Z [DEBUG] [Lingo.dev] [BUSY] Server is now busy (1 active)
2026-02-06T12:00:18.000Z [DEBUG] [Lingo.dev] [IDLE] Server is now idle
2026-02-06T12:00:39.779Z [INFO] [Lingo.dev] 📥 Received: OPTIONS /translations/en
2026-02-06T12:00:39.784Z [INFO] [Lingo.dev] 🔄 Processing: OPTIONS /translations/en
2026-02-06T12:00:39.795Z [DEBUG] [Lingo.dev] OPTIONS /translations/en
2026-02-06T12:00:39.841Z [INFO] [Lingo.dev] 📥 Received: POST /translations/en
2026-02-06T12:00:39.846Z [INFO] [Lingo.dev] 🔄 Processing: POST /translations/en
2026-02-06T12:00:39.849Z [DEBUG] [Lingo.dev] POST /translations/en
2026-02-06T12:00:39.852Z [DEBUG] [Lingo.dev] Reading request body...
2026-02-06T12:00:39.858Z [DEBUG] [Lingo.dev] Chunk read, body: {"hashes":["f475d3f6f347","94dbf261e91f","24a60f6efeec","0db347c45380","20eace1a9826","b15ae310ecb9","f6659e43d8bb","4a7ff3f1ac6e","83215d5b8d11","5713b1e6e3d7","29346019e73a","028685c5bd59","44a0ba2360f9","dc43570a85a8","b3cd3234ab80","ad10e3ad4961","e97808d11a29","f09f19de12e7","9ad22c73eb94","89ac0bdc4677","90e1248bc0d4","272be431d6b5","7d9dd9342f0c","951641870897","d77e89aaa1a1","690bda1ce921","77efec9ca8bb"]}
2026-02-06T12:00:39.860Z [DEBUG] [Lingo.dev] Parsed hashes: f475d3f6f347,94dbf261e91f,24a60f6efeec,0db347c45380,20eace1a9826,b15ae310ecb9,f6659e43d8bb,4a7ff3f1ac6e,83215d5b8d11,5713b1e6e3d7,29346019e73a,028685c5bd59,44a0ba2360f9,dc43570a85a8,b3cd3234ab80,ad10e3ad4961,e97808d11a29,f09f19de12e7,9ad22c73eb94,89ac0bdc4677,90e1248bc0d4,272be431d6b5,7d9dd9342f0c,951641870897,d77e89aaa1a1,690bda1ce921,77efec9ca8bb
2026-02-06T12:00:39.862Z [DEBUG] [Lingo.dev] Reloaded metadata: 69 entries
2026-02-06T12:00:39.865Z [INFO] [Lingo.dev] 🔄 Translating 27 hashes to en
2026-02-06T12:00:39.884Z [DEBUG] [Lingo.dev] 🔄 Hashes: f475d3f6f347, 94dbf261e91f, 24a60f6efeec, 0db347c45380, 20eace1a9826, b15ae310ecb9, f6659e43d8bb, 4a7ff3f1ac6e, 83215d5b8d11, 5713b1e6e3d7, 29346019e73a, 028685c5bd59, 44a0ba2360f9, dc43570a85a8, b3cd3234ab80, ad10e3ad4961, e97808d11a29, f09f19de12e7, 9ad22c73eb94, 89ac0bdc4677, 90e1248bc0d4, 272be431d6b5, 7d9dd9342f0c, 951641870897, d77e89aaa1a1, 690bda1ce921, 77efec9ca8bb
2026-02-06T12:00:39.890Z [DEBUG] [Lingo.dev] [BUSY] Server is now busy (1 active)
2026-02-06T12:00:40.334Z [DEBUG] [Lingo.dev] [IDLE] Server is now idle
2026-02-06T12:10:18.200Z [INFO] [Lingo.dev] 📥 Received: OPTIONS /translations/en
2026-02-06T12:10:18.217Z [INFO] [Lingo.dev] 🔄 Processing: OPTIONS /translations/en
2026-02-06T12:10:18.226Z [DEBUG] [Lingo.dev] OPTIONS /translations/en
2026-02-06T12:10:18.228Z [INFO] [Lingo.dev] 📥 Received: POST /translations/en
2026-02-06T12:10:18.245Z [INFO] [Lingo.dev] 🔄 Processing: POST /translations/en
2026-02-06T12:10:18.250Z [DEBUG] [Lingo.dev] POST /translations/en
2026-02-06T12:10:18.254Z [DEBUG] [Lingo.dev] Reading request body...
2026-02-06T12:10:18.262Z [DEBUG] [Lingo.dev] Chunk read, body: {"hashes":["82856d36cb50"]}
2026-02-06T12:10:18.264Z [DEBUG] [Lingo.dev] Parsed hashes: 82856d36cb50
2026-02-06T12:10:18.271Z [DEBUG] [Lingo.dev] Reloaded metadata: 70 entries
2026-02-06T12:10:18.489Z [INFO] [Lingo.dev] 🔄 Translating 1 hashes to en
2026-02-06T12:10:18.569Z [DEBUG] [Lingo.dev] 🔄 Hashes: 82856d36cb50
2026-02-06T12:10:18.641Z [DEBUG] [Lingo.dev] [BUSY] Server is now busy (1 active)
2026-02-06T12:10:18.762Z [DEBUG] [Lingo.dev] [IDLE] Server is now idle
2026-02-06T12:12:00.194Z [INFO] [Lingo.dev] 📥 Received: OPTIONS /translations/en
2026-02-06T12:12:00.205Z [INFO] [Lingo.dev] 🔄 Processing: OPTIONS /translations/en
2026-02-06T12:12:00.217Z [DEBUG] [Lingo.dev] OPTIONS /translations/en
2026-02-06T12:12:00.221Z [INFO] [Lingo.dev] 📥 Received: POST /translations/en
2026-02-06T12:12:00.223Z [INFO] [Lingo.dev] 🔄 Processing: POST /translations/en
2026-02-06T12:12:00.227Z [DEBUG] [Lingo.dev] POST /translations/en
2026-02-06T12:12:00.232Z [DEBUG] [Lingo.dev] Reading request body...
2026-02-06T12:12:00.234Z [DEBUG] [Lingo.dev] Chunk read, body: {"hashes":["14c070d0b7f8"]}
2026-02-06T12:12:00.235Z [DEBUG] [Lingo.dev] Parsed hashes: 14c070d0b7f8
2026-02-06T12:12:00.238Z [DEBUG] [Lingo.dev] Reloaded metadata: 71 entries
2026-02-06T12:12:00.239Z [INFO] [Lingo.dev] 🔄 Translating 1 hashes to en
2026-02-06T12:12:00.241Z [DEBUG] [Lingo.dev] 🔄 Hashes: 14c070d0b7f8
2026-02-06T12:12:00.242Z [DEBUG] [Lingo.dev] [BUSY] Server is now busy (1 active)
2026-02-06T12:12:00.743Z [DEBUG] [Lingo.dev] [IDLE] Server is now idle
2026-02-06T12:12:14.690Z [INFO] [Lingo.dev] 📥 Received: OPTIONS /translations/zh
2026-02-06T12:12:14.714Z [INFO] [Lingo.dev] 🔄 Processing: OPTIONS /translations/zh
2026-02-06T12:12:14.719Z [DEBUG] [Lingo.dev] OPTIONS /translations/zh
2026-02-06T12:12:14.928Z [INFO] [Lingo.dev] 📥 Received: POST /translations/zh
2026-02-06T12:12:14.943Z [INFO] [Lingo.dev] 🔄 Processing: POST /translations/zh
2026-02-06T12:12:14.947Z [DEBUG] [Lingo.dev] POST /translations/zh
2026-02-06T12:12:14.958Z [DEBUG] [Lingo.dev] Reading request body...
2026-02-06T12:12:14.961Z [DEBUG] [Lingo.dev] Chunk read, body: {"hashes":["f475d3f6f347","94dbf261e91f","24a60f6efeec","0db347c45380","20eace1a9826","b15ae310ecb9","f6659e43d8bb","4a7ff3f1ac6e","83215d5b8d11","5713b1e6e3d7","29346019e73a","028685c5bd59","44a0ba2360f9","dc43570a85a8","b3cd3234ab80","ad10e3ad4961","e97808d11a29","f09f19de12e7","9ad22c73eb94","89ac0bdc4677","90e1248bc0d4","272be431d6b5","7d9dd9342f0c","951641870897","d77e89aaa1a1","690bda1ce921","77efec9ca8bb","82856d36cb50","14c070d0b7f8"]}
2026-02-06T12:12:14.969Z [DEBUG] [Lingo.dev] Parsed hashes: f475d3f6f347,94dbf261e91f,24a60f6efeec,0db347c45380,20eace1a9826,b15ae310ecb9,f6659e43d8bb,4a7ff3f1ac6e,83215d5b8d11,5713b1e6e3d7,29346019e73a,028685c5bd59,44a0ba2360f9,dc43570a85a8,b3cd3234ab80,ad10e3ad4961,e97808d11a29,f09f19de12e7,9ad22c73eb94,89ac0bdc4677,90e1248bc0d4,272be431d6b5,7d9dd9342f0c,951641870897,d77e89aaa1a1,690bda1ce921,77efec9ca8bb,82856d36cb50,14c070d0b7f8
2026-02-06T12:12:14.974Z [DEBUG] [Lingo.dev] Reloaded metadata: 71 entries
2026-02-06T12:12:14.977Z [INFO] [Lingo.dev] 🔄 Translating 29 hashes to zh
2026-02-06T12:12:14.979Z [DEBUG] [Lingo.dev] 🔄 Hashes: f475d3f6f347, 94dbf261e91f, 24a60f6efeec, 0db347c45380, 20eace1a9826, b15ae310ecb9, f6659e43d8bb, 4a7ff3f1ac6e, 83215d5b8d11, 5713b1e6e3d7, 29346019e73a, 028685c5bd59, 44a0ba2360f9, dc43570a85a8, b3cd3234ab80, ad10e3ad4961, e97808d11a29, f09f19de12e7, 9ad22c73eb94, 89ac0bdc4677, 90e1248bc0d4, 272be431d6b5, 7d9dd9342f0c, 951641870897, d77e89aaa1a1, 690bda1ce921, 77efec9ca8bb, 82856d36cb50, 14c070d0b7f8
2026-02-06T12:12:14.988Z [DEBUG] [Lingo.dev] [BUSY] Server is now busy (1 active)
2026-02-06T12:12:25.551Z [DEBUG] [Lingo.dev] [IDLE] Server is now idle
2026-02-06T12:12:36.787Z [INFO] [Lingo.dev] 📥 Received: OPTIONS /translations/zh
2026-02-06T12:12:36.793Z [INFO] [Lingo.dev] 🔄 Processing: OPTIONS /translations/zh
2026-02-06T12:12:36.802Z [DEBUG] [Lingo.dev] OPTIONS /translations/zh
2026-02-06T12:12:36.809Z [INFO] [Lingo.dev] 📥 Received: POST /translations/zh
2026-02-06T12:12:36.826Z [INFO] [Lingo.dev] 🔄 Processing: POST /translations/zh
2026-02-06T12:12:36.830Z [DEBUG] [Lingo.dev] POST /translations/zh
2026-02-06T12:12:36.834Z [DEBUG] [Lingo.dev] Reading request body...
2026-02-06T12:12:36.842Z [DEBUG] [Lingo.dev] Chunk read, body: {"hashes":["Service 1"]}
2026-02-06T12:12:36.845Z [DEBUG] [Lingo.dev] Parsed hashes: Service 1
2026-02-06T12:12:36.849Z [DEBUG] [Lingo.dev] Reloaded metadata: 71 entries
2026-02-06T12:12:36.852Z [INFO] [Lingo.dev] 🔄 Translating 1 hashes to zh
2026-02-06T12:12:36.859Z [DEBUG] [Lingo.dev] 🔄 Hashes: Service 1
2026-02-06T12:12:36.862Z [DEBUG] [Lingo.dev] [BUSY] Server is now busy (1 active)
2026-02-06T12:12:37.318Z [DEBUG] [Lingo.dev] [IDLE] Server is now idle
2026-02-06T12:15:05.815Z [INFO] [Lingo.dev] 📥 Received: OPTIONS /translations/ca
2026-02-06T12:15:05.830Z [INFO] [Lingo.dev] 🔄 Processing: OPTIONS /translations/ca
2026-02-06T12:15:05.840Z [DEBUG] [Lingo.dev] OPTIONS /translations/ca
2026-02-06T12:15:05.846Z [INFO] [Lingo.dev] 📥 Received: POST /translations/ca
2026-02-06T12:15:05.848Z [INFO] [Lingo.dev] 🔄 Processing: POST /translations/ca
2026-02-06T12:15:05.851Z [DEBUG] [Lingo.dev] POST /translations/ca
2026-02-06T12:15:05.858Z [DEBUG] [Lingo.dev] Reading request body...
2026-02-06T12:15:05.861Z [DEBUG] [Lingo.dev] Chunk read, body: {"hashes":["Service 1"]}
2026-02-06T12:15:05.865Z [DEBUG] [Lingo.dev] Parsed hashes: Service 1
2026-02-06T12:15:05.869Z [DEBUG] [Lingo.dev] Reloaded metadata: 71 entries
2026-02-06T12:15:05.871Z [INFO] [Lingo.dev] 🔄 Translating 1 hashes to ca
2026-02-06T12:15:05.873Z [DEBUG] [Lingo.dev] 🔄 Hashes: Service 1
2026-02-06T12:15:05.874Z [DEBUG] [Lingo.dev] [BUSY] Server is now busy (1 active)
2026-02-06T12:15:06.349Z [DEBUG] [Lingo.dev] [IDLE] Server is now idle
2026-02-06T12:29:41.765Z [INFO] [Lingo.dev] 📥 Received: POST /translations/zh
2026-02-06T12:29:41.983Z [INFO] [Lingo.dev] 🔄 Processing: POST /translations/zh
2026-02-06T12:29:42.166Z [DEBUG] [Lingo.dev] POST /translations/zh
2026-02-06T12:29:42.391Z [DEBUG] [Lingo.dev] Reading request body...
2026-02-06T12:29:42.436Z [DEBUG] [Lingo.dev] Chunk read, body: {"hashes":["11b3cb7fbbf2","70adce512d6b"]}
2026-02-06T12:29:42.521Z [DEBUG] [Lingo.dev] Parsed hashes: 11b3cb7fbbf2,70adce512d6b
2026-02-06T12:29:42.620Z [DEBUG] [Lingo.dev] Reloaded metadata: 79 entries
2026-02-06T12:29:42.798Z [INFO] [Lingo.dev] 🔄 Translating 2 hashes to zh
2026-02-06T12:29:42.943Z [DEBUG] [Lingo.dev] 🔄 Hashes: 11b3cb7fbbf2, 70adce512d6b
2026-02-06T12:29:43.036Z [DEBUG] [Lingo.dev] [BUSY] Server is now busy (1 active)
2026-02-06T12:29:45.191Z [INFO] [Lingo.dev] 📥 Received: OPTIONS /translations/zh
2026-02-06T12:29:45.196Z [INFO] [Lingo.dev] 🔄 Processing: OPTIONS /translations/zh
2026-02-06T12:29:45.201Z [DEBUG] [Lingo.dev] OPTIONS /translations/zh
2026-02-06T12:29:45.210Z [INFO] [Lingo.dev] 📥 Received: POST /translations/zh
2026-02-06T12:29:45.229Z [INFO] [Lingo.dev] 🔄 Processing: POST /translations/zh
2026-02-06T12:29:45.232Z [DEBUG] [Lingo.dev] POST /translations/zh
2026-02-06T12:29:45.239Z [DEBUG] [Lingo.dev] Reading request body...
2026-02-06T12:29:45.246Z [DEBUG] [Lingo.dev] Chunk read, body: {"hashes":["f475d3f6f347","9ac66c3a79b5","2ce1e7107c05","24365118cf29","f897b4eae2be","ac10581c4246","14c070d0b7f8","94dbf261e91f","e0d6b19e6493","24a60f6efeec","0db347c45380","20eace1a9826","b15ae310ecb9","f6659e43d8bb","4a7ff3f1ac6e","83215d5b8d11","a899073398e5","08948465eac7","fe40493e5bba","07ca1e34f04e","5713b1e6e3d7","29346019e73a","028685c5bd59","44a0ba2360f9","dc43570a85a8","b3cd3234ab80","ad10e3ad4961","e97808d11a29","b912c445121f","54f86eddd66a","bfa670d0eec6","f09f19de12e7","046027bb8982","9ad22c73eb94","d5561219d034","6fb72d4ff01e","a0cdb6a99964","f535f3f1e4e0","9c4b1a128592","cffe2a0c0102","01a1cbe54d19","b5b5a44199af","5e272a7f9446","89ac0bdc4677","90e1248bc0d4","272be431d6b5","7d9dd9342f0c","951641870897","d77e89aaa1a1","690bda1ce921","77efec9ca8bb","3b99c3ed111d","6e87f7b52314","c15c55632716"]}
2026-02-06T12:29:45.252Z [DEBUG] [Lingo.dev] Parsed hashes: f475d3f6f347,9ac66c3a79b5,2ce1e7107c05,24365118cf29,f897b4eae2be,ac10581c4246,14c070d0b7f8,94dbf261e91f,e0d6b19e6493,24a60f6efeec,0db347c45380,20eace1a9826,b15ae310ecb9,f6659e43d8bb,4a7ff3f1ac6e,83215d5b8d11,a899073398e5,08948465eac7,fe40493e5bba,07ca1e34f04e,5713b1e6e3d7,29346019e73a,028685c5bd59,44a0ba2360f9,dc43570a85a8,b3cd3234ab80,ad10e3ad4961,e97808d11a29,b912c445121f,54f86eddd66a,bfa670d0eec6,f09f19de12e7,046027bb8982,9ad22c73eb94,d5561219d034,6fb72d4ff01e,a0cdb6a99964,f535f3f1e4e0,9c4b1a128592,cffe2a0c0102,01a1cbe54d19,b5b5a44199af,5e272a7f9446,89ac0bdc4677,90e1248bc0d4,272be431d6b5,7d9dd9342f0c,951641870897,d77e89aaa1a1,690bda1ce921,77efec9ca8bb,3b99c3ed111d,6e87f7b52314,c15c55632716
2026-02-06T12:29:45.255Z [DEBUG] [Lingo.dev] Reloaded metadata: 79 entries
2026-02-06T12:29:45.257Z [INFO] [Lingo.dev] 🔄 Translating 54 hashes to zh
2026-02-06T12:29:45.259Z [DEBUG] [Lingo.dev] 🔄 Hashes: f475d3f6f347, 9ac66c3a79b5, 2ce1e7107c05, 24365118cf29, f897b4eae2be, ac10581c4246, 14c070d0b7f8, 94dbf261e91f, e0d6b19e6493, 24a60f6efeec, 0db347c45380, 20eace1a9826, b15ae310ecb9, f6659e43d8bb, 4a7ff3f1ac6e, 83215d5b8d11, a899073398e5, 08948465eac7, fe40493e5bba, 07ca1e34f04e, 5713b1e6e3d7, 29346019e73a, 028685c5bd59, 44a0ba2360f9, dc43570a85a8, b3cd3234ab80, ad10e3ad4961, e97808d11a29, b912c445121f, 54f86eddd66a, bfa670d0eec6, f09f19de12e7, 046027bb8982, 9ad22c73eb94, d5561219d034, 6fb72d4ff01e, a0cdb6a99964, f535f3f1e4e0, 9c4b1a128592, cffe2a0c0102, 01a1cbe54d19, b5b5a44199af, 5e272a7f9446, 89ac0bdc4677, 90e1248bc0d4, 272be431d6b5, 7d9dd9342f0c, 951641870897, d77e89aaa1a1, 690bda1ce921, 77efec9ca8bb, 3b99c3ed111d, 6e87f7b52314, c15c55632716
2026-02-06T12:29:52.719Z [DEBUG] [Lingo.dev] [IDLE] Server is now idle
